timestamp,utilization_percent,memory_used_mb,power_watts
1758391756.3640091,5,26.671875,42.0
1758391757.3643959,0,26.64453125,26.0
1758391758.365219,0,26.64453125,26.0
1758391759.3656373,0,26.64453125,26.0
1758391760.3692913,0,26.64453125,26.0
1758391761.3697217,0,26.64453125,26.0
1758391762.3707159,0,26.64453125,26.0
1758391763.3735785,0,26.64453125,26.0
1758391764.3739939,0,26.64453125,26.0
1758391765.3743637,0,26.64453125,26.0
1758391766.3746812,0,286.69921875,26.0
1758391767.3751307,80,8981.0234375,207.0
1758391768.375511,84,11938.73828125,244.0
1758391769.375919,100,12058.7421875,273.0
1758391770.3761249,100,12058.7421875,276.0
1758391771.3765047,100,12058.7421875,274.0
1758391772.3768146,100,12058.7421875,275.0
1758391773.377011,100,12058.7421875,274.0
1758391774.377307,100,12058.7421875,273.0
1758391775.3776157,100,12058.7421875,276.0
1758391776.3781435,100,12058.7421875,274.0
1758391777.3784225,100,12058.7421875,274.0
1758391778.378624,100,12058.7421875,275.0
1758391779.3788526,100,12058.7421875,273.0
1758391780.3791482,100,12058.7421875,276.0
1758391781.379353,100,12058.7421875,274.0
1758391782.379803,100,12058.7421875,274.0
1758391783.3800883,100,12058.7421875,274.0
1758391784.3803873,100,12058.7421875,273.0
1758391785.3805826,100,12058.7421875,276.0
1758391786.3811116,100,12058.7421875,274.0
1758391787.3813653,100,12058.7421875,274.0
1758391788.3816514,100,12058.7421875,275.0
1758391789.381853,100,12058.7421875,273.0
1758391790.3822727,100,12058.7421875,276.0
1758391791.3827121,100,12058.7421875,274.0
1758391792.382984,100,12058.7421875,274.0
1758391793.3831794,100,12058.7421875,275.0
1758391794.3836167,100,12058.7421875,274.0
1758391795.3838136,100,12058.7421875,275.0
1758391796.3842106,100,12058.7421875,274.0
1758391797.3845696,100,12058.7421875,274.0
1758391798.3849247,100,12058.7421875,274.0
1758391799.3851755,100,12058.7421875,274.0
1758391800.3855212,100,12058.7421875,275.0
1758391801.385997,100,12058.7421875,274.0
1758391802.3866627,100,12058.7421875,274.0
1758391803.386873,100,12058.7421875,274.0
1758391804.3871784,100,12058.7421875,275.0
1758391805.3873804,100,12058.7421875,275.0
1758391806.387796,100,12058.7421875,274.0
1758391807.3882804,100,12058.7421875,274.0
1758391808.3890767,100,12058.7421875,274.0
1758391809.389275,100,12058.7421875,275.0
1758391810.3898041,100,12058.7421875,275.0
1758391811.3901546,100,12058.7421875,274.0
1758391812.3906927,100,12058.7421875,275.0
1758391813.3908885,100,12058.7421875,273.0
1758391814.3912945,100,12058.7421875,276.0
1758391815.3915205,100,12058.7421875,274.0
1758391816.3917642,100,12058.7421875,274.0
1758391817.3921723,100,12058.7421875,274.0
1758391818.3924754,100,12058.7421875,273.0
1758391819.3927486,100,12058.7421875,276.0
1758391820.3930337,100,12058.7421875,274.0
1758391821.3932319,100,12058.7421875,275.0
1758391822.3934858,100,12058.7421875,274.0
1758391823.3936827,100,12058.7421875,273.0
1758391824.3939664,100,12058.7421875,276.0
1758391825.394369,100,12058.7421875,274.0
1758391826.3945858,100,12058.7421875,274.0
1758391827.3947806,100,12058.7421875,274.0
1758391828.3950708,100,12058.7421875,273.0
1758391829.3956163,100,12058.7421875,276.0
1758391830.3959095,100,12058.7421875,275.0
1758391831.3961406,100,12058.7421875,274.0
1758391832.3963668,100,12058.7421875,275.0
1758391833.396803,100,12058.7421875,273.0
1758391834.3970234,100,12058.7421875,276.0
1758391835.3972204,100,12058.7421875,274.0
1758391836.3977325,100,12058.7421875,274.0
1758391837.3981845,100,12058.7421875,275.0
1758391838.3984091,100,12058.7421875,274.0
1758391839.398837,100,12058.7421875,275.0
1758391840.399065,100,12058.7421875,274.0
1758391841.3992605,100,12058.7421875,274.0
1758391842.3997076,100,12058.7421875,275.0
1758391843.3999038,100,12058.7421875,274.0
1758391844.4002848,100,12058.7421875,275.0
1758391845.4004836,100,12058.7421875,274.0
1758391846.4007273,100,12058.7421875,274.0
1758391847.4011548,100,12058.7421875,274.0
1758391848.4014876,100,12058.7421875,275.0
1758391849.4018314,100,12058.7421875,275.0
1758391850.4022143,100,12058.7421875,274.0
1758391851.4024146,100,12058.7421875,274.0
1758391852.4028847,100,12058.7421875,273.0
1758391853.4030833,100,12058.7421875,276.0
1758391854.40341,100,12058.7421875,275.0
1758391855.40378,100,12058.7421875,274.0
1758391856.4043736,100,12058.7421875,274.0
1758391857.4048421,100,12058.7421875,274.0
1758391858.4050927,100,12058.7421875,276.0
1758391859.4052896,100,12058.7421875,274.0
1758391860.405529,100,12058.7421875,274.0
1758391861.405726,100,12058.7421875,275.0
1758391862.4060023,100,12058.7421875,273.0
1758391863.4065812,100,12058.7421875,276.0
1758391864.4068477,100,12058.7421875,274.0
1758391865.407249,100,12058.7421875,274.0
1758391866.4074829,100,12058.7421875,274.0
1758391867.4076774,100,12058.7421875,273.0
1758391868.4079115,100,12058.7421875,276.0
1758391869.4081748,100,12058.7421875,274.0
1758391870.408535,100,12058.7421875,274.0
1758391871.4090447,100,12058.7421875,275.0
1758391872.4092824,100,12058.7421875,274.0
1758391873.4094818,100,12058.7421875,276.0
1758391874.4097278,100,12058.7421875,274.0
1758391875.4099777,100,12058.7421875,274.0
1758391876.410207,100,12058.7421875,275.0
1758391877.4104042,100,12058.7421875,274.0
1758391878.410601,100,12058.7421875,275.0
1758391879.4107988,100,12058.7421875,274.0
1758391880.4112508,100,12058.7421875,274.0
1758391881.411795,100,12058.7421875,274.0
1758391882.4120054,100,12058.7421875,275.0
1758391883.4123955,100,12058.7421875,275.0
1758391884.412623,100,12058.7421875,274.0
1758391885.412825,100,12058.7421875,274.0
1758391886.4130383,100,12058.7421875,274.0
1758391887.413567,100,12058.7421875,276.0
1758391888.4137945,100,12058.7421875,274.0
1758391889.4141786,100,12058.7421875,274.0
1758391890.4143736,100,12058.7421875,275.0
1758391891.4145737,100,12058.7421875,273.0
1758391892.4153094,100,12058.7421875,276.0
1758391893.415856,100,12058.7421875,274.0
1758391894.4161584,100,12058.7421875,275.0
1758391895.4165847,100,12058.7421875,274.0
1758391896.4168463,100,12058.7421875,273.0
1758391897.4170482,100,12058.7421875,276.0
1758391898.417292,100,12058.7421875,274.0
1758391899.4174912,100,12058.7421875,274.0
1758391900.4177434,100,12058.7421875,274.0
1758391901.417982,100,12058.7421875,273.0
1758391902.4182882,100,12058.7421875,276.0
1758391903.418899,100,12058.7421875,274.0
1758391904.4191267,100,12058.7421875,275.0
1758391905.4194295,100,12058.7421875,275.0
1758391906.419629,100,12058.7421875,274.0
1758391907.4198723,100,12058.7421875,275.0
1758391908.420128,100,12058.7421875,274.0
1758391909.4207032,100,12058.7421875,274.0
1758391910.4210415,100,12058.7421875,274.0
1758391911.4213336,100,12058.7421875,276.0
1758391912.4218545,100,12058.7421875,275.0
1758391913.4220593,100,12058.7421875,274.0
1758391914.422252,100,12058.7421875,274.0
1758391915.422513,100,12058.7421875,274.0
1758391916.42294,100,12058.7421875,275.0
1758391917.4234226,100,12058.7421875,274.0
1758391918.4236252,100,12058.7421875,274.0
1758391919.423835,100,12058.7421875,274.0
1758391920.424084,100,12058.7421875,273.0
1758391921.424295,100,12058.7421875,276.0
1758391922.4245474,100,12058.7421875,274.0
1758391923.4249563,100,12058.7421875,274.0
1758391924.4257824,100,12058.7421875,274.0
1758391925.425993,100,12058.7421875,273.0
1758391926.4264073,100,12058.7421875,276.0
1758391927.4268901,100,12058.7421875,275.0
1758391928.4271948,100,12058.7421875,274.0
1758391929.4274037,100,12058.7421875,275.0
1758391930.4278917,100,12058.7421875,273.0
1758391931.4283876,100,12058.7421875,276.0
1758391932.4286156,100,12058.7421875,274.0
1758391933.4288292,100,12058.7421875,274.0
1758391934.4290252,100,12058.7421875,275.0
1758391935.4293258,100,12058.7421875,275.0
1758391936.4295547,100,12058.7421875,275.0
1758391937.4297934,100,12058.7421875,274.0
1758391938.430217,100,12058.7421875,274.0
1758391939.4306352,100,12058.7421875,274.0
1758391940.4310596,100,12058.7421875,275.0
1758391941.431394,100,12058.7421875,275.0
1758391942.4317849,100,12058.7421875,275.0
1758391943.4321594,100,12058.7421875,274.0
1758391944.4324446,100,12058.7421875,273.0
1758391945.4326613,100,12058.7421875,276.0
1758391946.433077,100,12058.7421875,275.0
1758391947.4336064,100,12058.7421875,274.0
1758391948.4338362,100,12058.7421875,274.0
1758391949.4341784,100,12058.7421875,273.0
1758391950.4343765,100,12058.7421875,276.0
1758391951.4345922,100,12058.7421875,274.0
1758391952.4348254,100,12058.7421875,274.0
1758391953.4351034,100,12058.7421875,274.0
1758391954.435306,100,12058.7421875,273.0
1758391955.435596,100,12058.7421875,276.0
1758391956.435964,100,12058.7421875,274.0
1758391957.436197,100,12058.7421875,274.0
1758391958.4363933,100,12058.7421875,275.0
1758391959.4368908,100,12058.7421875,273.0
1758391960.43714,100,12058.7421875,276.0
1758391961.4375277,100,12058.7421875,274.0
1758391962.4377232,100,12058.7421875,274.0
1758391963.438086,100,12058.7421875,275.0
1758391964.4383113,100,12058.7421875,275.0
1758391965.4387345,100,12058.7421875,275.0
1758391966.4391627,100,12058.7421875,273.0
1758391967.43958,100,12058.7421875,274.0
1758391968.4398558,100,12058.7421875,274.0
1758391969.4402936,100,12058.7421875,275.0
1758391970.4407597,100,12058.7421875,274.0
1758391971.4412644,100,12058.7421875,274.0
1758391972.4415731,100,12058.7421875,274.0
1758391973.4421875,100,12058.7421875,273.0
1758391974.442528,100,12058.7421875,276.0
1758391975.4427545,100,12058.7421875,274.0
1758391976.4429994,100,12058.7421875,274.0
1758391977.4432633,100,12058.7421875,274.0
1758391978.4436634,100,12058.7421875,273.0
1758391979.443887,100,12058.7421875,276.0
1758391980.444123,100,12058.7421875,274.0
1758391981.4444852,100,12058.7421875,274.0
1758391982.4448495,100,12058.7421875,275.0
1758391983.4450912,100,12058.7421875,273.0
1758391984.4453197,100,12058.7421875,276.0
1758391985.4455462,100,12058.7421875,274.0
1758391986.445798,100,12058.7421875,275.0
1758391987.4460282,100,12058.7421875,275.0
1758391988.4464383,100,12058.7421875,274.0
1758391989.4466674,100,12058.7421875,275.0
1758391990.4471211,100,12058.7421875,274.0
1758391991.4473915,100,12058.7421875,274.0
1758391992.4478774,100,12058.7421875,274.0
1758391993.448118,100,12058.7421875,275.0
1758391994.4483156,100,12058.7421875,275.0
1758391995.4488206,100,12058.7421875,274.0
1758391996.4491875,100,12058.7421875,274.0
1758391997.4495652,100,12058.7421875,274.0
1758391998.4497619,100,12058.7421875,276.0
1758391999.4503148,100,12058.7421875,274.0
1758392000.450748,100,12058.7421875,275.0
1758392001.4511702,100,12058.7421875,274.0
1758392002.4513783,100,12058.7421875,274.0
1758392003.4516156,100,12058.7421875,276.0
1758392004.4520144,100,12058.7421875,274.0
1758392005.4522767,100,12058.7421875,275.0
1758392006.4524944,100,12058.7421875,274.0
1758392007.4529295,100,12058.7421875,273.0
1758392008.4532068,100,12058.7421875,276.0
1758392009.4534037,100,12058.7421875,274.0
1758392010.4537148,100,12058.7421875,274.0
1758392011.4541366,100,12058.7421875,275.0
1758392012.4543674,100,12058.7421875,274.0
1758392013.4546084,100,12058.7421875,276.0
1758392014.4549866,100,12058.7421875,274.0
1758392015.455183,100,12058.7421875,274.0
1758392016.4554884,100,12058.7421875,275.0
1758392017.4556842,100,12058.7421875,274.0
1758392018.4561238,100,12058.7421875,275.0
1758392019.4563532,100,12058.7421875,274.0
1758392020.4569244,100,12058.7421875,274.0
1758392021.457122,100,12058.7421875,275.0
1758392022.4573226,100,12058.7421875,275.0
1758392023.4576325,100,12058.7421875,275.0
1758392024.4578636,100,12058.7421875,274.0
1758392025.458176,100,12058.7421875,274.0
1758392026.4587474,100,12058.7421875,274.0
1758392027.45908,100,12058.7421875,275.0
1758392028.4595597,100,12058.7421875,274.0
1758392029.459752,100,12058.7421875,274.0
1758392030.4601555,100,12058.7421875,274.0
1758392031.4605732,100,12058.7421875,273.0
1758392032.460801,100,12058.7421875,276.0
1758392033.4611661,100,12058.7421875,274.0
1758392034.4613698,100,12058.7421875,274.0
1758392035.4615629,100,12058.7421875,275.0
1758392036.4617906,100,12058.7421875,273.0
1758392037.4621055,100,12058.7421875,276.0
1758392038.4623077,100,12058.7421875,274.0
1758392039.4625044,100,12058.7421875,274.0
1758392040.4627304,100,12058.7421875,275.0
1758392041.4632082,100,12058.7421875,273.0
1758392042.463574,100,12058.7421875,276.0
1758392043.4639971,100,12058.7421875,274.0
1758392044.4642673,100,12058.7421875,274.0
1758392045.4644694,100,12058.7421875,275.0
1758392046.464778,100,12058.7421875,274.0
1758392047.465029,100,12058.7421875,275.0
1758392048.4653695,100,12058.7421875,274.0
1758392049.4656212,100,12058.7421875,274.0
1758392050.4659019,100,12058.7421875,274.0
1758392051.4661348,100,12058.7421875,275.0
1758392052.4665346,100,12058.7421875,275.0
1758392053.4667308,100,12058.7421875,274.0
1758392054.4669938,100,12058.7421875,274.0
1758392055.4672194,100,12058.7421875,273.0
1758392056.467622,100,12058.7421875,276.0
1758392057.4678922,100,12058.7421875,274.0
1758392058.4681633,100,12058.7421875,275.0
1758392059.46842,100,12058.7421875,274.0
1758392060.4686437,100,12058.7421875,274.0
1758392061.4689777,100,12058.7421875,276.0
1758392062.4692357,100,12058.7421875,274.0
1758392063.4695125,100,12058.7421875,275.0
1758392064.469738,100,12058.7421875,274.0
1758392065.4700358,100,12058.7421875,273.0
1758392066.4704123,100,12058.7421875,276.0
1758392067.4706078,100,12058.7421875,275.0
1758392068.4712195,100,12058.7421875,274.0
1758392069.4715436,100,12058.7421875,275.0
1758392070.4717572,100,12058.7421875,273.0
1758392071.472063,100,12058.7421875,276.0
1758392072.4724474,100,12058.7421875,274.0
1758392073.4726443,100,12058.7421875,274.0
1758392074.473291,100,12058.7421875,274.0
1758392075.4735825,100,12058.7421875,275.0
1758392076.4740493,100,12058.7421875,275.0
1758392077.4748423,100,12058.7421875,274.0
1758392078.4752629,100,12058.7421875,274.0
1758392079.4758065,100,12058.7421875,275.0
1758392080.4761007,100,12058.7421875,274.0
1758392081.476438,100,12058.7421875,275.0
1758392082.4766536,100,12058.7421875,274.0
1758392083.4768608,100,12058.7421875,274.0
1758392084.477171,100,12058.7421875,274.0
1758392085.4774797,100,12058.7421875,275.0
1758392086.4778295,100,12058.7421875,275.0
1758392087.4780285,100,12058.7421875,274.0
1758392088.4783623,100,12058.7421875,275.0
1758392089.4786372,100,12058.7421875,273.0
1758392090.4789166,100,12058.7421875,276.0
1758392091.479112,100,12058.7421875,274.0
1758392092.4793365,100,12058.7421875,275.0
1758392093.479534,100,12058.7421875,274.0
1758392094.479755,100,12058.7421875,273.0
1758392095.480076,100,12058.7421875,276.0
1758392096.4803019,100,12058.7421875,274.0
1758392097.4804947,100,12058.7421875,274.0
1758392098.4810696,100,12058.7421875,274.0
1758392099.4813778,100,12058.7421875,273.0
1758392100.4817867,100,12058.7421875,276.0
1758392101.4821918,100,12058.7421875,274.0
1758392102.4826224,100,12058.7421875,274.0
1758392103.4831796,100,12058.7421875,275.0
1758392104.4834232,100,12058.7421875,273.0
1758392105.4837873,100,12058.7421875,276.0
1758392106.484072,100,12058.7421875,274.0
1758392107.4843755,100,12058.7421875,274.0
1758392108.4846025,100,12058.7421875,274.0
1758392109.4848514,100,12058.7421875,274.0
1758392110.4852517,100,12058.7421875,276.0
1758392111.4856703,100,12058.7421875,274.0
1758392112.486065,100,12058.7421875,274.0
1758392113.4862611,100,12058.7421875,275.0
1758392114.4865465,100,12058.7421875,275.0
1758392115.4867418,100,12058.7421875,275.0
1758392116.487181,100,12058.7421875,274.0
1758392117.4873776,100,12058.7421875,274.0
1758392118.4876077,100,12058.7421875,274.0
1758392119.487803,100,12058.7421875,275.0
1758392120.4880881,100,12058.7421875,274.0
1758392121.4883878,100,12058.7421875,275.0
1758392122.4886644,100,12058.7421875,274.0
1758392123.4889965,100,12058.7421875,273.0
1758392124.4893255,100,12058.7421875,276.0
1758392125.4895217,100,12058.7421875,275.0
1758392126.4898524,100,12058.7421875,275.0
1758392127.490432,100,12058.7421875,274.0
1758392128.4909089,100,12058.7421875,273.0
1758392129.4912658,100,12058.7421875,276.0
1758392130.4916556,100,12058.7421875,274.0
1758392131.4918509,100,12058.7421875,274.0
1758392132.4921691,100,12058.7421875,274.0
1758392133.4924412,100,12058.7421875,273.0
1758392134.4927242,100,12058.7421875,276.0
1758392135.4929397,100,12058.7421875,274.0
1758392136.4932997,100,12058.7421875,274.0
1758392137.4935317,100,12058.7421875,274.0
1758392138.4937322,100,12058.7421875,274.0
1758392139.493963,100,12058.7421875,276.0
1758392140.4944198,100,12058.7421875,274.0
1758392141.494904,100,12058.7421875,274.0
1758392142.4953828,100,12058.7421875,275.0
1758392143.4955769,100,12058.7421875,275.0
1758392144.495798,100,12058.7421875,275.0
1758392145.4961576,100,12058.7421875,274.0
1758392146.4963586,100,12058.7421875,274.0
1758392147.4970353,100,12058.7421875,273.0
1758392148.4972763,100,12058.7421875,276.0
1758392149.4976747,100,12058.7421875,275.0
1758392150.4980378,100,12058.7421875,274.0
1758392151.4982865,100,12058.7421875,274.0
1758392152.4989338,100,12058.7421875,273.0
1758392153.4992757,100,12058.7421875,276.0
1758392154.4994752,100,12058.7421875,275.0
1758392155.4997983,100,12058.7421875,274.0
1758392156.500167,100,12058.7421875,275.0
1758392157.5005846,100,12058.7421875,273.0
1758392158.5010164,100,12058.7421875,276.0
1758392159.501423,100,12058.7421875,274.0
1758392160.5017004,100,12058.7421875,274.0
1758392161.5019052,100,12058.7421875,275.0
1758392162.5023255,100,12058.7421875,273.0
1758392163.502529,100,12058.7421875,276.0
1758392164.5027773,100,12058.7421875,274.0
1758392165.5032935,100,12058.7421875,275.0
1758392166.5036354,100,12058.7421875,275.0
1758392167.5038683,100,12058.7421875,274.0
1758392168.5041823,100,12058.7421875,275.0
1758392169.5047536,100,12058.7421875,274.0
1758392170.5051384,100,12058.7421875,274.0
1758392171.5054777,100,12058.7421875,274.0
1758392172.5058088,100,12058.7421875,275.0
1758392173.50602,100,12058.7421875,275.0
1758392174.5062137,100,12058.7421875,274.0
1758392175.506436,100,12058.7421875,274.0
1758392176.506859,100,12058.7421875,274.0
1758392177.507384,100,12058.7421875,276.0
1758392178.5082715,100,12058.7421875,274.0
1758392179.508725,100,12058.7421875,274.0
1758392180.5089993,100,12058.7421875,274.0
1758392181.5092082,100,12058.7421875,273.0
1758392182.5095117,100,12058.7421875,276.0
1758392183.5097797,100,12058.7421875,274.0
1758392184.5102303,100,12058.7421875,274.0
1758392185.5104632,100,12058.7421875,274.0
1758392186.5106628,100,12058.7421875,273.0
1758392187.5110018,100,12058.7421875,276.0
1758392188.5112863,100,12058.7421875,274.0
1758392189.5115862,100,12058.7421875,274.0
1758392190.5118546,100,12058.7421875,275.0
1758392191.5123167,100,12058.7421875,273.0
1758392192.5128324,100,12058.7421875,276.0
1758392193.5131514,100,12058.7421875,274.0
1758392194.513355,100,12058.7421875,274.0
1758392195.513564,100,12058.7421875,275.0
1758392196.5137963,100,12058.7421875,274.0
1758392197.5140505,100,12058.7421875,275.0
1758392198.5142457,100,12058.7421875,274.0
1758392199.5144687,100,12058.7421875,274.0
1758392200.5146933,100,12058.7421875,275.0
1758392201.5152376,100,12058.7421875,274.0
1758392202.5157015,100,12058.7421875,275.0
1758392203.5161355,100,12058.7421875,273.0
1758392204.5165138,100,12058.7421875,274.0
1758392205.516831,100,12058.7421875,274.0
1758392206.5172498,100,12058.7421875,275.0
1758392207.5175114,100,12058.7421875,274.0
1758392208.5177329,100,12058.7421875,274.0
1758392209.5183158,100,12058.7421875,274.0
1758392210.518689,100,12058.7421875,273.0
1758392211.5191133,100,12058.7421875,276.0
1758392212.5193782,100,12058.7421875,274.0
1758392213.519715,100,12058.7421875,274.0
1758392214.519926,100,12058.7421875,274.0
1758392215.5203745,100,12058.7421875,273.0
1758392216.5205963,100,12058.7421875,276.0
1758392217.5208142,100,12058.7421875,275.0
1758392218.5211337,100,12058.7421875,274.0
1758392219.5215912,100,12058.7421875,275.0
1758392220.5219061,100,12058.7421875,273.0
1758392221.5222938,100,12058.7421875,276.0
1758392222.522716,100,12058.7421875,274.0
1758392223.5231695,100,12058.7421875,274.0
1758392224.523447,100,12058.7421875,275.0
1758392225.5236742,100,12058.7421875,274.0
1758392226.52394,100,12058.7421875,276.0
1758392227.5242689,100,12058.7421875,274.0
1758392228.5244923,100,12058.7421875,274.0
1758392229.5247874,100,12058.7421875,275.0
1758392230.525001,100,12058.7421875,275.0
1758392231.5254233,100,12058.7421875,275.0
1758392232.5258467,100,12058.7421875,274.0
1758392233.5262742,100,12058.7421875,274.0
1758392234.526565,100,12058.7421875,274.0
1758392235.5271115,100,12058.7421875,275.0
1758392236.5274782,100,12058.7421875,275.0
1758392237.5277016,100,12058.7421875,274.0
1758392238.5281959,100,12058.7421875,274.0
1758392239.528421,100,12058.7421875,273.0
1758392240.5287125,100,12058.7421875,276.0
1758392241.528938,100,12058.7421875,274.0
1758392242.5291843,100,12058.7421875,274.0
1758392243.5296047,100,12058.7421875,274.0
1758392244.529893,100,12058.7421875,273.0
1758392245.530327,100,12058.7421875,276.0
1758392246.5305252,100,12058.7421875,274.0
1758392247.5307622,100,12058.7421875,274.0
1758392248.5312076,100,12058.7421875,274.0
1758392249.5318077,100,12058.7421875,273.0
1758392250.5320542,100,12058.7421875,276.0
1758392251.5324595,100,12058.7421875,274.0
1758392252.5327785,100,12058.7421875,274.0
1758392253.533008,100,12058.7421875,274.0
1758392254.5334563,100,12058.7421875,273.0
1758392255.534038,100,12058.7421875,277.0
1758392256.5342586,100,12058.7421875,274.0
1758392257.5346372,100,12058.7421875,274.0
1758392258.5349143,100,12058.7421875,275.0
1758392259.5353673,100,12058.7421875,274.0
1758392260.5357466,100,12058.7421875,275.0
1758392261.5363436,100,12058.7421875,274.0
1758392262.5366762,100,12058.7421875,274.0
1758392263.5369074,100,12058.7421875,275.0
1758392264.5371914,100,12058.7421875,274.0
1758392265.5376992,100,12058.7421875,275.0
1758392266.5382745,100,12058.7421875,274.0
1758392267.5385423,100,12058.7421875,274.0
1758392268.538763,100,12058.7421875,273.0
1758392269.5389593,100,12058.7421875,276.0
1758392270.5392437,100,12058.7421875,274.0
1758392271.5395057,100,12058.7421875,274.0
1758392272.5397308,100,12058.7421875,274.0
1758392273.5399241,100,12058.7421875,273.0
1758392274.5406802,100,12058.7421875,277.0
1758392275.5409582,100,12058.7421875,274.0
1758392276.5411842,100,12058.7421875,274.0
1758392277.5414495,100,12058.7421875,274.0
1758392278.5417407,100,12058.7421875,273.0
1758392279.5420482,100,12058.7421875,276.0
1758392280.5423043,100,12058.7421875,274.0
1758392281.542503,100,12058.7421875,274.0
1758392282.5427027,100,12058.7421875,275.0
1758392283.542981,100,12058.7421875,273.0
1758392284.543401,100,12058.7421875,277.0
1758392285.543825,100,12058.7421875,274.0
1758392286.5442247,100,12058.7421875,274.0
1758392287.5446436,100,12058.7421875,275.0
1758392288.5449712,100,12058.7421875,274.0
1758392289.5451636,100,12058.7421875,275.0
1758392290.5453668,100,12058.7421875,274.0
1758392291.5458357,100,12058.7421875,274.0
1758392292.5461104,100,12058.7421875,274.0
1758392293.5463119,100,12058.7421875,275.0
1758392294.5465124,100,12058.7421875,275.0
1758392295.5470088,100,12058.7421875,274.0
1758392296.5474494,100,12058.7421875,274.0
1758392297.5477235,100,12058.7421875,273.0
1758392298.547924,100,12058.7421875,276.0
1758392299.5482876,100,12058.7421875,275.0
1758392300.5485082,100,12058.7421875,274.0
1758392301.5488787,100,12058.7421875,274.0
1758392302.5493166,100,12058.7421875,273.0
1758392303.549784,100,12058.7421875,276.0
1758392304.5500033,100,12058.7421875,274.0
1758392305.550199,100,12058.7421875,274.0
1758392306.550405,100,12058.7421875,274.0
1758392307.550599,100,12058.7421875,273.0
1758392308.5509996,100,12058.7421875,276.0
1758392309.551196,100,12058.7421875,274.0
1758392310.5514464,100,12058.7421875,274.0
1758392311.5516531,100,12058.7421875,275.0
1758392312.551947,100,12058.7421875,273.0
1758392313.5523286,100,12058.7421875,276.0
1758392314.5525506,100,12058.7421875,274.0
1758392315.5528398,100,12058.7421875,275.0
1758392316.5530615,100,12058.7421875,275.0
1758392317.5534453,100,12058.7421875,274.0
1758392318.5537407,100,12058.7421875,275.0
1758392319.5539722,100,12058.7421875,274.0
1758392320.554545,100,12058.7421875,274.0
1758392321.5548496,100,12058.7421875,274.0
1758392322.5551863,100,12058.7421875,275.0
1758392323.5557106,100,12058.7421875,275.0
1758392324.555932,100,12058.7421875,274.0
1758392325.5561297,100,12058.7421875,274.0
1758392326.556594,100,12058.7421875,273.0
1758392327.5567892,100,12058.7421875,276.0
1758392328.5570185,100,12058.7421875,275.0
1758392329.5573115,100,12058.7421875,274.0
1758392330.5575242,100,12058.7421875,274.0
1758392331.5577214,100,12058.7421875,273.0
1758392332.558011,100,12058.7421875,276.0
1758392333.5582757,100,12058.7421875,274.0
1758392334.5585606,100,12058.7421875,274.0
1758392335.5587566,100,12058.7421875,274.0
1758392336.558979,100,12058.7421875,273.0
1758392337.5592551,100,12058.7421875,276.0
1758392338.5599124,100,12058.7421875,274.0
1758392339.5604663,100,12058.7421875,274.0
1758392340.5606878,100,12058.7421875,275.0
1758392341.5609598,100,12058.7421875,274.0
1758392342.561201,100,12058.7421875,276.0
1758392343.561658,100,12058.7421875,274.0
1758392344.5619543,100,12058.7421875,274.0
1758392345.5625026,100,12058.7421875,275.0
1758392346.5627775,100,12058.7421875,274.0
1758392347.563093,100,12058.7421875,276.0
1758392348.5633972,100,12058.7421875,274.0
1758392349.5637913,100,12058.7421875,274.0
1758392350.5642369,100,12058.7421875,274.0
1758392351.5645294,100,12058.7421875,275.0
1758392352.5649784,100,12058.7421875,275.0
1758392353.5654893,100,12058.7421875,274.0
1758392354.5660303,100,12058.7421875,274.0
1758392355.5664034,100,12058.7421875,273.0
1758392356.5668888,100,12058.7421875,276.0
1758392357.5674021,100,12058.7421875,274.0
1758392358.5676837,100,12058.7421875,274.0
1758392359.568112,100,12058.7421875,274.0
1758392360.5685103,100,12058.7421875,273.0
1758392361.5688415,100,12058.7421875,276.0
1758392362.569147,100,12058.7421875,274.0
1758392363.56942,100,12058.7421875,274.0
1758392364.5696464,100,12058.7421875,274.0
1758392365.5700543,100,12058.7421875,274.0
1758392366.5703197,100,12058.7421875,276.0
1758392367.5705383,100,12058.7421875,274.0
1758392368.5708284,100,12058.7421875,274.0
1758392369.57136,100,12058.7421875,275.0
1758392370.5716038,100,12058.7421875,273.0
1758392371.5717995,100,12058.7421875,277.0
1758392372.5723765,100,12058.7421875,274.0
1758392373.5726354,100,12058.7421875,274.0
1758392374.5729809,100,12058.7421875,275.0
1758392375.573178,100,12058.7421875,274.0
1758392376.573448,100,12058.7421875,275.0
1758392377.5737422,100,12058.7421875,274.0
1758392378.5741932,100,12058.7421875,274.0
1758392379.5743902,100,12058.7421875,274.0
1758392380.574621,100,12058.7421875,275.0
1758392381.5748844,100,12058.7421875,275.0
1758392382.5754552,100,12058.7421875,274.0
1758392383.5757363,100,12058.7421875,274.0
1758392384.575965,100,12058.7421875,273.0
1758392385.5761693,100,12058.7421875,276.0
1758392386.576402,100,12058.7421875,274.0
1758392387.5766728,100,12058.7421875,274.0
1758392388.5769048,100,12058.7421875,274.0
1758392389.577143,100,12058.7421875,273.0
1758392390.5774739,100,12058.7421875,276.0
1758392391.5776951,100,12058.7421875,274.0
1758392392.5779445,100,12058.7421875,274.0
1758392393.5783658,100,12058.7421875,274.0
1758392394.5789127,100,12058.7421875,274.0
1758392395.5791078,100,12058.7421875,276.0
1758392396.5794477,100,12058.7421875,274.0
1758392397.579927,100,12058.7421875,274.0
1758392398.5801666,100,12058.7421875,274.0
1758392399.5805218,100,12058.7421875,273.0
1758392400.580947,100,12058.7421875,276.0
1758392401.581284,100,12058.7421875,274.0
1758392402.581505,100,12058.7421875,275.0
1758392403.5820427,100,12058.7421875,274.0
1758392404.5822632,100,12058.7421875,275.0
1758392405.582543,100,12058.7421875,275.0
1758392406.5828154,100,12058.7421875,273.0
1758392407.58309,100,12058.7421875,274.0
1758392408.5833097,100,12058.7421875,274.0
1758392409.5835757,100,12058.7421875,275.0
1758392410.5841184,100,12058.7421875,275.0
1758392411.5844357,100,12058.7421875,274.0
1758392412.5849447,100,12058.7421875,274.0
1758392413.5852928,100,12058.7421875,273.0
1758392414.5856035,100,12058.7421875,276.0
1758392415.585822,100,12058.7421875,275.0
1758392416.586064,100,12058.7421875,274.0
1758392417.5863006,100,12058.7421875,274.0
1758392418.5867307,100,12058.7421875,273.0
1758392419.5869462,100,12058.7421875,276.0
1758392420.587164,100,12058.7421875,274.0
1758392421.5873997,100,12058.7421875,274.0
1758392422.5878122,100,12058.7421875,275.0
1758392423.588015,100,12058.7421875,273.0
1758392424.5886085,100,12058.7421875,276.0
1758392425.5888095,100,12058.7421875,274.0
1758392426.5890052,100,12058.7421875,274.0
1758392427.5892062,100,12058.7421875,275.0
1758392428.5894709,100,12058.7421875,274.0
1758392429.5898018,100,12058.7421875,276.0
1758392430.5903301,100,12058.7421875,273.0
1758392431.5906472,100,12058.7421875,274.0
1758392432.5911555,100,12058.7421875,274.0
1758392433.5913568,100,12058.7421875,275.0
1758392434.5917277,100,12058.7421875,275.0
1758392435.5920675,100,12058.7421875,274.0
1758392436.5923336,100,12058.7421875,274.0
1758392437.5927348,100,12058.7421875,273.0
1758392438.5930831,100,12058.7421875,275.0
1758392439.593444,100,12058.7421875,275.0
1758392440.593665,100,12058.7421875,274.0
1758392441.5940807,100,12058.7421875,274.0
1758392442.594275,100,12058.7421875,273.0
1758392443.5946615,100,12058.7421875,276.0
1758392444.5949469,100,12058.7421875,275.0
1758392445.5953996,100,12058.7421875,274.0
1758392446.5955968,100,12058.7421875,274.0
1758392447.595805,100,12058.7421875,273.0
1758392448.5960743,100,12058.7421875,276.0
1758392449.596484,100,12058.7421875,274.0
1758392450.5968719,100,12058.7421875,274.0
1758392451.5970798,100,12058.7421875,274.0
1758392452.5976446,100,12058.7421875,273.0
1758392453.5978565,100,12058.7421875,276.0
1758392454.59809,100,12058.7421875,274.0
1758392455.5987065,100,12058.7421875,274.0
1758392456.5989923,100,12058.7421875,275.0
1758392457.5994782,100,12058.7421875,273.0
1758392458.5996747,100,12058.7421875,276.0
1758392459.5998864,100,12058.7421875,275.0
1758392460.6001868,100,12058.7421875,274.0
1758392461.6003983,100,12058.7421875,274.0
1758392462.6005938,100,12058.7421875,274.0
1758392463.6010172,100,12058.7421875,275.0
1758392464.6012387,100,12058.7421875,274.0
1758392465.6014519,100,12058.7421875,274.0
1758392466.6016586,100,12058.7421875,274.0
1758392467.6020794,100,12058.7421875,275.0
1758392468.6034765,100,12058.7421875,275.0
1758392469.6039188,100,12058.7421875,274.0
1758392470.604404,100,12058.7421875,274.0
1758392471.6050713,100,12058.7421875,273.0
1758392472.6059268,100,12058.7421875,276.0
1758392473.606413,100,12058.7421875,274.0
1758392474.6069036,100,12058.7421875,274.0
1758392475.6072042,100,12058.7421875,274.0
1758392476.6074529,100,12058.7421875,273.0
1758392477.6077452,100,12058.7421875,276.0
1758392478.6081026,100,12058.7421875,274.0
1758392479.6083508,100,12058.7421875,274.0
1758392480.6088567,100,12058.7421875,274.0
1758392481.6091738,100,12058.7421875,273.0
1758392482.6093829,100,12058.7421875,276.0
1758392483.6096327,100,12058.7421875,274.0
1758392484.6103294,100,12058.7421875,274.0
1758392485.610549,100,12058.7421875,275.0
1758392486.6107426,100,12058.7421875,273.0
1758392487.611131,100,12058.7421875,276.0
1758392488.6115346,100,12058.7421875,274.0
1758392489.6120756,100,12058.7421875,274.0
1758392490.6122684,100,12058.7421875,275.0
1758392491.612934,100,12058.7421875,274.0
1758392492.613341,100,12058.7421875,275.0
1758392493.6136203,100,12058.7421875,274.0
1758392494.6138203,100,12058.7421875,274.0
1758392495.6141105,100,12058.7421875,274.0
1758392496.614669,100,12058.7421875,275.0
1758392497.6150117,100,12058.7421875,275.0
1758392498.6152976,100,12058.7421875,274.0
1758392499.6155229,100,12058.7421875,274.0
1758392500.615888,100,12058.7421875,273.0
1758392501.61621,100,12058.7421875,276.0
1758392502.616449,100,12058.7421875,275.0
1758392503.6168318,100,12058.7421875,274.0
1758392504.6170475,100,12058.7421875,274.0
1758392505.6173494,100,12058.7421875,273.0
1758392506.6176379,100,12058.7421875,276.0
1758392507.617863,100,12058.7421875,275.0
1758392508.6181164,100,12058.7421875,274.0
1758392509.618532,100,12058.7421875,274.0
1758392510.6189642,100,12058.7421875,273.0
1758392511.6192477,100,12058.7421875,276.0
1758392512.6194663,100,12058.7421875,274.0
1758392513.6197908,100,12058.7421875,274.0
1758392514.619997,100,12058.7421875,275.0
1758392515.62039,100,12058.7421875,273.0
1758392516.6206121,100,12058.7421875,276.0
1758392517.620962,100,12058.7421875,274.0
1758392518.6213994,100,12058.7421875,274.0
1758392519.6218593,100,12058.7421875,274.0
1758392520.6221435,100,12058.7421875,275.0
1758392521.6224315,100,12058.7421875,275.0
1758392522.6228898,100,12058.7421875,273.0
1758392523.623172,100,12058.7421875,274.0
1758392524.6234806,100,12058.7421875,274.0
1758392525.6238596,100,12058.7421875,275.0
1758392526.6241884,100,12058.7421875,275.0
1758392527.624465,100,12058.7421875,274.0
1758392528.6246846,100,12058.7421875,274.0
1758392529.6249194,100,12058.7421875,273.0
1758392530.6252677,100,12058.7421875,276.0
1758392531.625569,100,12058.7421875,274.0
1758392532.6259902,100,12058.7421875,275.0
1758392533.6263783,100,12058.7421875,274.0
1758392534.6265767,100,12058.7421875,272.0
1758392535.626957,100,12058.7421875,276.0
1758392536.6271772,100,12058.7421875,275.0
1758392537.6274617,100,12058.7421875,274.0
1758392538.627871,100,12058.7421875,274.0
1758392539.628183,100,12058.7421875,273.0
1758392540.628612,100,12058.7421875,276.0
1758392541.6288648,100,12058.7421875,274.0
1758392542.6290674,100,12058.7421875,274.0
1758392543.6294794,100,12058.7421875,275.0
1758392544.629701,100,12058.7421875,273.0
1758392545.6298962,100,12058.7421875,276.0
1758392546.6301346,100,12058.7421875,274.0
1758392547.63076,100,12058.7421875,275.0
1758392548.631196,100,12058.7421875,275.0
1758392549.6313918,100,12058.7421875,274.0
1758392550.6317277,100,12058.7421875,275.0
1758392551.6320834,100,12058.7421875,274.0
1758392552.632301,100,12058.7421875,274.0
1758392553.6325274,100,12058.7421875,274.0
1758392554.6327586,100,12058.7421875,275.0
1758392555.6330123,100,12058.7421875,275.0
1758392556.633421,100,12058.7421875,273.0
1758392557.6337712,100,12058.7421875,274.0
1758392558.634072,100,12058.7421875,273.0
1758392559.634345,100,12058.7421875,276.0
1758392560.634769,100,12058.7421875,275.0
1758392561.6352208,100,12058.7421875,274.0
1758392562.6358035,100,12058.7421875,274.0
1758392563.6361313,100,12058.7421875,273.0
1758392564.6365523,100,12058.7421875,276.0
1758392565.6367493,100,12058.7421875,274.0
1758392566.6369503,100,12058.7421875,274.0
1758392567.637148,100,12058.7421875,274.0
1758392568.6374183,100,12058.7421875,273.0
1758392569.6378424,100,12058.7421875,276.0
1758392570.638092,100,12058.7421875,274.0
1758392571.6384335,100,12058.7421875,274.0
1758392572.6388528,100,12058.7421875,275.0
1758392573.6391273,100,12058.7421875,274.0
1758392574.6393366,100,12058.7421875,275.0
1758392575.639747,100,12058.7421875,274.0
1758392576.6401708,100,12058.7421875,274.0
1758392577.640369,100,12058.7421875,274.0
1758392578.640574,100,12058.7421875,275.0
1758392579.6407707,100,12058.7421875,275.0
1758392580.6413596,100,12058.7421875,273.0
1758392581.641641,100,12058.7421875,274.0
1758392582.6421692,100,12058.7421875,273.0
1758392583.642615,100,12058.7421875,276.0
1758392584.6430297,100,12058.7421875,274.0
1758392585.6432254,100,12058.7421875,274.0
1758392586.6435113,100,12058.7421875,274.0
1758392587.643797,100,12058.7421875,273.0
1758392588.644085,100,12058.7421875,276.0
1758392589.6443505,100,12058.7421875,274.0
1758392590.6445618,100,12058.7421875,274.0
1758392591.6447568,100,12058.7421875,274.0
1758392592.6449754,100,12058.7421875,273.0
1758392593.6453366,100,12058.7421875,276.0
1758392594.6455479,100,12058.7421875,274.0
1758392595.6459324,100,12058.7421875,274.0
1758392596.6461492,100,12058.7421875,275.0
1758392597.6466458,100,12058.7421875,273.0
1758392598.6471667,100,12058.7421875,276.0
1758392599.6473618,100,12058.7421875,274.0
1758392600.6476376,100,12058.7421875,274.0
1758392601.6479006,100,12058.7421875,274.0
1758392602.6481266,100,12058.7421875,274.0
1758392603.648383,100,12058.7421875,275.0
1758392604.6486027,100,12058.7421875,274.0
1758392605.6490066,100,12058.7421875,274.0
1758392606.649427,100,12058.7421875,274.0
1758392607.649844,100,12058.7421875,275.0
1758392608.6503942,100,12058.7421875,275.0
1758392609.6506236,100,12058.7421875,274.0
1758392610.6508393,100,12058.7421875,274.0
1758392611.6510441,100,12058.7421875,273.0
1758392612.6513486,100,12058.7421875,276.0
1758392613.6515512,100,12058.7421875,274.0
1758392614.6519203,100,12058.7421875,274.0
1758392615.6527293,100,12058.7421875,274.0
1758392616.6531346,100,12058.7421875,273.0
1758392617.653745,100,12058.7421875,276.0
1758392618.653967,100,12058.7421875,274.0
1758392619.654175,100,12058.7421875,274.0
1758392620.6545515,100,12058.7421875,274.0
1758392621.65475,100,12058.7421875,273.0
1758392622.6552532,100,12058.7421875,276.0
1758392623.6557353,100,12058.7421875,274.0
1758392624.6559572,100,12058.7421875,274.0
1758392625.6561759,100,12058.7421875,275.0
1758392626.6565082,100,12058.7421875,273.0
1758392627.6567051,100,12058.7421875,277.0
1758392628.656932,100,12058.7421875,274.0
1758392629.6572647,100,12058.7421875,274.0
1758392630.6576288,100,12058.7421875,275.0
1758392631.6578455,100,12058.7421875,274.0
1758392632.658072,100,12058.7421875,276.0
1758392633.6582923,100,12058.7421875,274.0
1758392634.6587212,100,12058.7421875,274.0
1758392635.658919,100,12058.7421875,275.0
1758392636.6594324,100,12058.7421875,274.0
1758392637.659634,100,12058.7421875,275.0
1758392638.65992,100,12058.7421875,273.0
1758392639.660382,100,12058.7421875,274.0
1758392640.660766,100,12058.7421875,274.0
1758392641.6613162,100,12058.7421875,275.0
1758392642.6622355,100,12058.7421875,274.0
1758392643.6626043,100,12058.7421875,273.0
1758392644.6633844,100,12058.7421875,274.0
1758392645.6636121,100,12058.7421875,273.0
1758392646.6640537,100,12058.7421875,276.0
1758392647.6644356,100,12058.7421875,274.0
1758392648.6650267,100,12058.7421875,274.0
1758392649.6652317,100,12058.7421875,274.0
1758392650.665566,100,12058.7421875,273.0
1758392651.6659086,100,12058.7421875,277.0
1758392652.6662111,100,12058.7421875,274.0
1758392653.6664736,100,12058.7421875,274.0
1758392654.6669781,100,12058.7421875,275.0
1758392655.6671965,100,12058.7421875,274.0
1758392656.6675267,100,12058.7421875,276.0
1758392657.6681585,100,12058.7421875,274.0
1758392658.6688333,100,12058.7421875,274.0
1758392659.669217,100,12058.7421875,274.0
1758392660.669459,100,12058.7421875,273.0
1758392661.6703568,100,12058.7421875,276.0
1758392662.6707902,100,12058.7421875,274.0
1758392663.6710343,100,12058.7421875,273.0
1758392664.671641,100,12058.7421875,275.0
1758392665.672298,100,12058.7421875,274.0
1758392666.6724944,100,12058.7421875,275.0
1758392667.673319,100,12058.7421875,274.0
1758392668.6735382,100,12058.7421875,274.0
1758392669.6737425,100,12058.7421875,274.0
1758392670.6743252,100,12058.7421875,275.0
1758392671.6746078,100,12058.7421875,275.0
1758392672.6750162,100,12058.7421875,274.0
1758392673.6754198,100,12058.7421875,274.0
1758392674.6757443,100,12058.7421875,273.0
1758392675.6761103,100,12058.7421875,276.0
1758392676.6763594,100,12058.7421875,274.0
1758392677.6765566,100,12058.7421875,274.0
1758392678.6768682,100,12058.7421875,274.0
1758392679.6770933,100,12058.7421875,273.0
1758392680.677464,100,12058.7421875,276.0
1758392681.6776638,100,12058.7421875,274.0
1758392682.6779938,100,12058.7421875,274.0
1758392683.6784062,100,12058.7421875,274.0
1758392684.6788251,100,12058.7421875,274.0
1758392685.6793752,100,12058.7421875,276.0
1758392686.6796794,100,12058.7421875,274.0
1758392687.6799338,100,12058.7421875,274.0
1758392688.6801515,100,12058.7421875,275.0
1758392689.6804588,100,12058.7421875,273.0
1758392690.6807535,100,12058.7421875,276.0
1758392691.6809556,100,12058.7421875,274.0
1758392692.6812017,100,12058.7421875,274.0
1758392693.681459,100,12058.7421875,275.0
1758392694.6817825,100,12058.7421875,274.0
1758392695.6823208,100,12058.7421875,275.0
1758392696.6830418,100,12058.7421875,274.0
1758392697.683248,100,12058.7421875,274.0
1758392698.6836197,100,12058.7421875,273.0
1758392699.6838245,100,12058.7421875,275.0
1758392700.6840928,100,12058.7421875,275.0
1758392701.6845682,100,12058.7421875,274.0
1758392702.6847618,100,12058.7421875,274.0
1758392703.684978,100,12058.7421875,273.0
1758392704.6853938,100,12058.7421875,276.0
1758392705.6860359,100,12058.7421875,274.0
1758392706.6865907,100,12058.7421875,274.0
1758392707.6870694,100,12058.7421875,274.0
1758392708.6872823,100,12058.7421875,273.0
1758392709.6874907,100,12058.7421875,276.0
1758392710.6876862,100,12058.7421875,274.0
1758392711.6878917,100,12058.7421875,274.0
1758392712.6882107,100,12058.7421875,274.0
1758392713.6886482,100,12058.7421875,273.0
1758392714.6888597,100,12058.7421875,276.0
1758392715.6892686,100,12058.7421875,274.0
1758392716.6897306,100,12058.7421875,274.0
1758392717.6901171,100,12058.7421875,275.0
1758392718.690392,100,12058.7421875,273.0
1758392719.6906695,100,12058.7421875,276.0
1758392720.6910796,100,12058.7421875,274.0
1758392721.6914332,100,12058.7421875,274.0
1758392722.6919177,100,12058.7421875,275.0
1758392723.692132,100,12058.7421875,274.0
1758392724.69235,100,12058.7421875,275.0
1758392725.6926248,100,12058.7421875,274.0
1758392726.693046,100,12058.7421875,274.0
1758392727.6933265,100,12058.7421875,274.0
1758392728.693542,100,12058.7421875,275.0
1758392729.6939332,100,12058.7421875,275.0
1758392730.694128,100,12058.7421875,274.0
1758392731.6943398,100,12058.7421875,274.0
1758392732.6947,100,12058.7421875,274.0
1758392733.694918,100,12058.7421875,276.0
1758392734.6952944,100,12058.7421875,274.0
1758392735.6955688,100,12058.7421875,274.0
1758392736.6961358,100,12058.7421875,274.0
1758392737.6963518,100,12058.7421875,273.0
1758392738.6966052,100,12058.7421875,276.0
1758392739.6971433,100,12058.7421875,274.0
1758392740.6973574,100,12058.7421875,274.0
1758392741.697748,100,12058.7421875,274.0
1758392742.6979442,100,12058.7421875,273.0
1758392743.6981604,100,12058.7421875,276.0
1758392744.6985154,100,12058.7421875,274.0
1758392745.698913,100,12058.7421875,274.0
1758392746.699106,100,12058.7421875,274.0
1758392747.699472,100,12058.7421875,273.0
1758392748.6998234,100,12058.7421875,276.0
1758392749.700202,100,12058.7421875,274.0
1758392750.7004006,100,12058.7421875,274.0
1758392751.701048,100,12058.7421875,275.0
1758392752.701321,100,12058.7421875,274.0
1758392753.7016363,100,12058.7421875,275.0
1758392754.7019186,100,12058.7421875,273.0
1758392755.7025008,100,12058.7421875,274.0
1758392756.7028472,100,12058.7421875,274.0
1758392757.703183,100,12058.7421875,275.0
1758392758.7037194,100,12058.7421875,275.0
1758392759.7039456,100,12058.7421875,274.0
1758392760.7042127,100,12058.7421875,274.0
1758392761.7046754,100,12058.7421875,273.0
1758392762.70497,100,12058.7421875,276.0
1758392763.7052386,100,12058.7421875,274.0
1758392764.7056909,100,12058.7421875,274.0
1758392765.7059157,100,12058.7421875,274.0
1758392766.7061126,100,12058.7421875,273.0
1758392767.7063382,100,12058.7421875,276.0
1758392768.7068768,100,12058.7421875,274.0
1758392769.7071788,100,12058.7421875,274.0
1758392770.7077048,100,12058.7421875,274.0
1758392771.7080197,100,12058.7421875,273.0
1758392772.708401,100,12058.7421875,276.0
1758392773.7087753,100,12058.7421875,274.0
1758392774.7089703,100,12058.7421875,274.0
1758392775.7093222,100,12058.7421875,275.0
1758392776.7095942,100,12058.7421875,274.0
1758392777.7098973,100,12058.7421875,276.0
1758392778.7104335,100,12058.7421875,274.0
1758392779.7109315,100,12058.7421875,274.0
1758392780.7113085,100,12058.7421875,275.0
1758392781.7117407,100,12058.7421875,275.0
1758392782.7120397,100,12058.7421875,275.0
1758392783.7124596,100,12058.7421875,274.0
1758392784.7128778,100,12058.7421875,274.0
1758392785.7133007,100,12058.7421875,274.0
1758392786.7135003,100,12058.7421875,275.0
1758392787.714227,100,12058.7421875,275.0
1758392788.714565,100,12058.7421875,274.0
1758392789.714797,100,12058.7421875,274.0
1758392790.7151597,100,12058.7421875,273.0
1758392791.715393,100,12058.7421875,276.0
1758392792.7156274,100,12058.7421875,274.0
1758392793.7162938,100,12058.7421875,274.0
1758392794.716861,100,12058.7421875,274.0
1758392795.717096,100,12058.7421875,273.0
1758392796.7174432,100,12058.7421875,276.0
1758392797.717639,100,12058.7421875,274.0
1758392798.7178345,100,12058.7421875,274.0
1758392799.71805,100,12058.7421875,274.0
1758392800.7186012,100,12058.7421875,273.0
1758392801.7187967,100,12058.7421875,276.0
1758392802.7191849,100,12058.7421875,274.0
1758392803.7195036,100,12058.7421875,274.0
1758392804.7199383,100,12058.7421875,275.0
1758392805.7202387,100,12058.7421875,274.0
1758392806.7204359,100,12058.7421875,276.0
1758392807.7206316,100,12058.7421875,274.0
1758392808.721005,100,12058.7421875,274.0
1758392809.7212956,100,12058.7421875,275.0
1758392810.7217007,100,12058.7421875,275.0
1758392811.722386,100,12058.7421875,275.0
1758392812.7226799,100,12058.7421875,273.0
1758392813.722993,100,12058.7421875,274.0
1758392814.7232614,100,12058.7421875,273.0
1758392815.7234561,100,12058.7421875,275.0
1758392816.7237947,100,12058.7421875,275.0
1758392817.7242725,100,12058.7421875,274.0
1758392818.7244723,100,12058.7421875,274.0
1758392819.7246692,100,12058.7421875,273.0
1758392820.7249093,100,12058.7421875,276.0
1758392821.7252448,100,12058.7421875,275.0
1758392822.7255306,100,12058.7421875,274.0
1758392823.726309,100,12058.7421875,274.0
1758392824.7265244,100,12058.7421875,273.0
1758392825.7267802,100,12058.7421875,276.0
1758392826.7270167,100,12058.7421875,274.0
1758392827.7276242,100,12058.7421875,274.0
1758392828.7281728,100,12058.7421875,274.0
1758392829.7284927,100,12058.7421875,274.0
1758392830.7287438,100,12058.7421875,276.0
1758392831.7291853,100,12058.7421875,274.0
1758392832.7294219,100,12058.7421875,274.0
1758392833.7296817,100,12058.7421875,275.0
1758392834.7300932,100,12058.7421875,274.0
1758392835.7303903,100,12058.7421875,276.0
1758392836.7306614,100,12058.7421875,274.0
1758392837.7309914,100,12058.7421875,274.0
1758392838.7314684,100,12058.7421875,274.0
1758392839.7318327,100,12058.7421875,275.0
1758392840.7322626,100,12058.7421875,274.0
1758392841.732683,100,12058.7421875,274.0
1758392842.7331018,100,12058.7421875,274.0
1758392843.7336268,100,12058.7421875,273.0
1758392844.734031,100,12058.7421875,276.0
1758392845.7345428,100,12058.7421875,274.0
1758392846.7348382,100,12058.7421875,274.0
1758392847.7351873,100,12058.7421875,274.0
1758392848.7355857,100,12058.7421875,273.0
1758392849.735927,100,12058.7421875,276.0
1758392850.7361825,100,12058.7421875,275.0
1758392851.7363787,100,12058.7421875,274.0
1758392852.7365944,100,12058.7421875,274.0
1758392853.7367978,100,12058.7421875,273.0
1758392854.7370112,100,12058.7421875,276.0
1758392855.7372093,100,12058.7421875,274.0
1758392856.7377193,100,12058.7421875,274.0
1758392857.738042,100,12058.7421875,274.0
1758392858.7383406,100,12058.7421875,273.0
1758392859.7386234,100,12058.7421875,276.0
1758392860.7391732,100,12058.7421875,274.0
1758392861.7394438,100,12058.7421875,274.0
1758392862.7396593,100,12058.7421875,275.0
1758392863.740156,100,12058.7421875,274.0
1758392864.7403715,100,12058.7421875,276.0
1758392865.7405753,100,12058.7421875,274.0
1758392866.7408543,100,12058.7421875,274.0
1758392867.7412305,100,12058.7421875,275.0
1758392868.7419655,100,12058.7421875,275.0
1758392869.7423267,100,12058.7421875,275.0
1758392870.7425432,100,12058.7421875,274.0
1758392871.7430515,100,12058.7421875,274.0
1758392872.7434316,100,12058.7421875,274.0
1758392873.7437663,100,12058.7421875,275.0
1758392874.7443109,100,12058.7421875,275.0
1758392875.7446501,100,12058.7421875,273.0
1758392876.7450323,100,12058.7421875,274.0
1758392877.7453651,100,12058.7421875,274.0
1758392878.7456646,100,12058.7421875,276.0
1758392879.7459583,100,12058.7421875,274.0
1758392880.7462652,100,12058.7421875,274.0
1758392881.746549,100,12058.7421875,274.0
1758392882.7468524,100,12058.7421875,274.0
1758392883.7476106,100,12058.7421875,276.0
1758392884.7480774,100,12058.7421875,274.0
1758392885.748493,100,12058.7421875,274.0
1758392886.748902,100,12058.7421875,274.0
1758392887.7490988,100,12058.7421875,273.0
1758392888.7493513,100,12058.7421875,276.0
1758392889.7495573,100,12058.7421875,274.0
1758392890.7498186,100,12058.7421875,274.0
1758392891.7500217,100,12058.7421875,275.0
1758392892.7503936,100,12058.7421875,274.0
1758392893.750591,100,12058.7421875,276.0
1758392894.7508156,100,12058.7421875,274.0
1758392895.7510269,100,12058.7421875,274.0
1758392896.7513812,100,12058.7421875,274.0
1758392897.7516587,100,12058.7421875,275.0
1758392898.752095,100,12058.7421875,275.0
1758392899.7523513,100,12058.7421875,274.0
1758392900.7525752,100,12058.7421875,274.0
1758392901.7528315,100,12058.7421875,274.0
1758392902.7531207,100,12058.7421875,275.0
1758392903.7535825,100,12058.7421875,275.0
1758392904.7538106,100,12058.7421875,274.0
1758392905.7541816,100,12058.7421875,274.0
1758392906.7547061,100,12058.7421875,273.0
1758392907.7550316,100,12058.7421875,276.0
1758392908.7552588,100,12058.7421875,274.0
1758392909.7554526,100,12058.7421875,274.0
1758392910.7560194,100,12058.7421875,274.0
1758392911.7564623,100,12058.7421875,273.0
1758392912.7566903,100,12058.7421875,277.0
1758392913.7568882,100,12058.7421875,274.0
1758392914.7571683,100,12058.7421875,274.0
1758392915.7575965,100,12058.7421875,274.0
1758392916.7580667,100,12058.7421875,273.0
1758392917.7582645,100,12058.7421875,276.0
1758392918.7585404,100,12058.7421875,274.0
1758392919.7590203,100,12058.7421875,274.0
1758392920.7593849,100,12058.7421875,275.0
1758392921.7596416,100,12058.7421875,274.0
1758392922.760073,100,12058.7421875,275.0
1758392923.7604015,100,12058.7421875,274.0
1758392924.760664,100,12058.7421875,274.0
1758392925.7608647,100,12058.7421875,274.0
1758392926.761099,100,12058.7421875,274.0
1758392927.7612958,100,12058.7421875,275.0
1758392928.7615094,100,12058.7421875,274.0
1758392929.7617621,100,12058.7421875,274.0
1758392930.7619562,100,12058.7421875,273.0
1758392931.7622814,100,12058.7421875,276.0
1758392932.7625353,100,12058.7421875,275.0
1758392933.762958,100,12058.7421875,274.0
1758392934.7632973,100,12058.7421875,274.0
1758392935.7637684,100,12058.7421875,273.0
1758392936.7641087,100,12058.7421875,276.0
1758392937.7643523,100,12058.7421875,275.0
1758392938.7647984,100,12058.7421875,274.0
1758392939.765385,100,12058.7421875,275.0
1758392940.7661765,100,12058.7421875,273.0
1758392941.7663758,100,12058.7421875,276.0
1758392942.76657,100,12058.7421875,274.0
1758392943.7668009,100,12058.7421875,274.0
1758392944.7670166,100,12058.7421875,274.0
1758392945.7672741,100,12058.7421875,273.0
1758392946.7674694,100,12058.7421875,276.0
1758392947.767668,100,12058.7421875,274.0
1758392948.7679532,100,12058.7421875,274.0
1758392949.7682133,100,12058.7421875,275.0
1758392950.7686715,100,12058.7421875,274.0
1758392951.769117,100,12058.7421875,276.0
1758392952.7693477,100,12058.7421875,274.0
1758392953.769684,100,12058.7421875,274.0
1758392954.770067,100,12058.7421875,274.0
1758392955.770349,100,12058.7421875,275.0
1758392956.770563,100,12058.7421875,275.0
1758392957.7710593,100,12058.7421875,274.0
1758392958.7712653,100,12058.7421875,274.0
1758392959.7716808,100,12058.7421875,274.0
1758392960.772137,100,12058.7421875,276.0
1758392961.7723422,100,12058.7421875,275.0
1758392962.7729585,100,12058.7421875,274.0
1758392963.7732675,100,12058.7421875,274.0
1758392964.7735255,100,12058.7421875,273.0
1758392965.773833,100,12058.7421875,276.0
1758392966.774029,100,12058.7421875,274.0
1758392967.774649,100,12058.7421875,274.0
1758392968.775264,100,12058.7421875,274.0
1758392969.775628,100,12058.7421875,273.0
1758392970.775824,100,12058.7421875,276.0
1758392971.776285,100,12058.7421875,274.0
1758392972.7766385,100,12058.7421875,274.0
1758392973.7772284,100,12058.7421875,274.0
1758392974.7777178,100,12058.7421875,273.0
1758392975.7779336,100,12058.7421875,276.0
1758392976.778214,100,12058.7421875,274.0
1758392977.778492,100,12058.7421875,274.0
1758392978.778926,100,12058.7421875,274.0
1758392979.7794082,100,12058.7421875,273.0
1758392980.779617,100,12058.7421875,276.0
1758392981.779831,100,12058.7421875,274.0
1758392982.7801218,100,12058.7421875,274.0
1758392983.7804375,100,12058.7421875,275.0
1758392984.7807167,100,12058.7421875,274.0
1758392985.781007,100,12058.7421875,275.0
1758392986.7812014,100,12058.7421875,274.0
1758392987.7817085,100,12058.7421875,274.0
1758392988.7820594,100,12058.7421875,273.0
1758392989.782495,100,12058.7421875,276.0
1758392990.7828245,100,12058.7421875,275.0
1758392991.7830765,100,12058.7421875,274.0
1758392992.7833455,100,12058.7421875,274.0
1758392993.7837644,100,12058.7421875,274.0
1758392994.7842338,100,12058.7421875,276.0
1758392995.784537,100,12058.7421875,274.0
1758392996.7849443,100,12058.7421875,274.0
1758392997.7854807,100,12058.7421875,274.0
1758392998.7859116,100,12058.7421875,273.0
1758392999.786129,100,12058.7421875,276.0
1758393000.7865193,100,12058.7421875,274.0
1758393001.7868168,100,12058.7421875,274.0
1758393002.7870703,100,12058.7421875,274.0
1758393003.7872877,100,12058.7421875,273.0
1758393004.7875876,100,12058.7421875,276.0
1758393005.7880793,100,12058.7421875,274.0
1758393006.7886384,100,12058.7421875,274.0
1758393007.789291,100,12058.7421875,275.0
1758393008.7895083,100,12058.7421875,273.0
1758393009.7899294,100,12058.7421875,276.0
1758393010.7901828,100,12058.7421875,274.0
1758393011.7905357,100,12058.7421875,274.0
1758393012.7909267,100,12058.7421875,275.0
1758393013.7913816,100,12058.7421875,275.0
1758393014.7918608,100,12058.7421875,275.0
1758393015.7920995,100,12058.7421875,273.0
1758393016.7923992,100,12058.7421875,274.0
1758393017.7929296,100,12058.7421875,274.0
1758393018.7933614,100,12058.7421875,275.0
1758393019.7936978,100,12058.7421875,275.0
1758393020.7940395,100,12058.7421875,274.0
1758393021.79432,100,12058.7421875,274.0
1758393022.7945483,100,12058.7421875,273.0
1758393023.7947717,100,12058.7421875,276.0
1758393024.7949963,100,12058.7421875,274.0
1758393025.795418,100,12058.7421875,275.0
1758393026.7956152,100,12058.7421875,274.0
1758393027.7958753,100,12058.7421875,273.0
1758393028.7960968,100,12058.7421875,276.0
1758393029.7963245,100,12058.7421875,274.0
1758393030.7965164,100,12058.7421875,274.0
1758393031.7971814,100,12058.7421875,274.0
1758393032.7974021,100,12058.7421875,273.0
1758393033.797813,100,12058.7421875,276.0
1758393034.7982407,100,12058.7421875,274.0
1758393035.7987778,100,12058.7421875,274.0
1758393036.7989862,100,12058.7421875,275.0
1758393037.7992377,100,12058.7421875,274.0
1758393038.7995627,100,12058.7421875,275.0
1758393039.7999175,100,12058.7421875,274.0
1758393040.800145,100,12058.7421875,274.0
1758393041.8003736,100,12058.7421875,275.0
1758393042.8005962,100,12058.7421875,274.0
1758393043.8008971,100,12058.7421875,275.0
1758393044.8011093,100,12058.7421875,274.0
1758393045.8013384,100,12058.7421875,274.0
1758393046.8018944,100,12058.7421875,273.0
1758393047.8021832,100,12058.7421875,276.0
1758393048.8026416,100,12058.7421875,274.0
1758393049.8031366,100,12058.7421875,274.0
1758393050.8037045,100,12058.7421875,274.0
1758393051.8043685,100,12058.7421875,273.0
1758393052.8047116,100,12058.7421875,276.0
1758393053.805005,100,12058.7421875,274.0
1758393054.805406,100,12058.7421875,274.0
1758393055.8057196,100,12058.7421875,274.0
1758393056.8059294,100,12058.7421875,273.0
1758393057.8061655,100,12058.7421875,276.0
1758393058.8063607,100,12058.7421875,274.0
1758393059.8067667,100,12058.7421875,274.0
1758393060.807182,100,12058.7421875,275.0
1758393061.8074489,100,12058.7421875,273.0
1758393062.8076699,100,12058.7421875,276.0
1758393063.8081992,100,12058.7421875,274.0
1758393064.8084698,100,12058.7421875,274.0
1758393065.8087645,100,12058.7421875,275.0
1758393066.8089626,100,12058.7421875,274.0
1758393067.809161,100,12058.7421875,275.0
1758393068.8096428,100,12058.7421875,273.0
1758393069.81011,100,12058.7421875,274.0
1758393070.8103094,100,12058.7421875,273.0
1758393071.8105035,100,12058.7421875,276.0
1758393072.8108993,100,12058.7421875,275.0
1758393073.8111947,100,12058.7421875,274.0
1758393074.811733,100,12058.7421875,274.0
1758393075.8119307,100,12058.7421875,274.0
1758393076.8123395,100,12058.7421875,276.0
1758393077.812534,100,12058.7421875,274.0
1758393078.812735,100,12058.7421875,274.0
1758393079.8129556,100,12058.7421875,274.0
1758393080.813513,100,12058.7421875,273.0
1758393081.8138206,100,12058.7421875,276.0
1758393082.8143065,100,12058.7421875,274.0
1758393083.8145318,100,12058.7421875,274.0
1758393084.8148384,100,12058.7421875,275.0
1758393085.8150535,100,12058.7421875,273.0
1758393086.8154173,100,12058.7421875,276.0
1758393087.8158193,100,12058.7421875,274.0
1758393088.816144,100,12058.7421875,274.0
1758393089.8163378,100,12058.7421875,275.0
1758393090.8165972,100,12058.7421875,273.0
1758393091.816794,100,12058.7421875,276.0
1758393092.817256,100,12058.7421875,274.0
1758393093.8176844,100,12058.7421875,274.0
1758393094.818302,100,12058.7421875,275.0
1758393095.8187034,100,12058.7421875,274.0
1758393096.8192601,100,12058.7421875,275.0
1758393097.8198125,100,12058.7421875,274.0
1758393098.8203049,100,12058.7421875,274.0
1758393099.820514,100,12058.7421875,274.0
1758393100.8207242,100,12058.7421875,275.0
1758393101.8211856,100,12058.7421875,275.0
1758393102.821394,100,12058.7421875,274.0
1758393103.8215892,100,12058.7421875,274.0
1758393104.8220084,100,12058.7421875,273.0
1758393105.8222752,100,12058.7421875,276.0
1758393106.8226945,100,12058.7421875,274.0
1758393107.8230946,100,12058.7421875,275.0
1758393108.8233051,100,12058.7421875,274.0
1758393109.8238432,100,12058.7421875,273.0
1758393110.8241622,100,12058.7421875,276.0
1758393111.8244789,100,12058.7421875,275.0
1758393112.8249607,100,12058.7421875,274.0
1758393113.825415,100,12058.7421875,274.0
1758393114.825628,100,12058.7421875,273.0
1758393115.8258228,100,12058.7421875,276.0
1758393116.826158,100,12058.7421875,275.0
1758393117.8263855,100,12058.7421875,274.0
1758393118.8268752,100,12058.7421875,275.0
1758393119.827072,100,12058.7421875,273.0
1758393120.8276267,100,12058.7421875,276.0
1758393121.8278217,100,12058.7421875,274.0
1758393122.8280962,100,12058.7421875,274.0
1758393123.8282998,100,12058.7421875,274.0
1758393124.828556,100,12058.7421875,275.0
1758393125.8287542,100,12058.7421875,275.0
1758393126.8289688,100,12058.7421875,274.0
1758393127.829164,100,12058.7421875,274.0
1758393128.8295183,100,12058.7421875,273.0
1758393129.82983,100,12058.7421875,275.0
1758393130.8301787,100,12058.7421875,275.0
1758393131.8305068,100,12058.7421875,275.0
1758393132.830724,100,12058.7421875,274.0
1758393133.831062,100,12058.7421875,273.0
1758393134.8312814,100,12058.7421875,276.0
1758393135.8314905,100,12058.7421875,274.0
1758393136.8317087,100,12058.7421875,274.0
1758393137.8319063,100,12058.7421875,274.0
1758393138.83225,100,12058.7421875,273.0
1758393139.8325443,100,12058.7421875,276.0
1758393140.8330927,100,12058.7421875,274.0
1758393141.8333442,100,12058.7421875,274.0
1758393142.8335629,100,12058.7421875,275.0
1758393143.833826,100,12058.7421875,273.0
1758393144.8341563,100,12058.7421875,276.0
1758393145.83464,100,12058.7421875,274.0
1758393146.8349993,100,12058.7421875,274.0
1758393147.835538,100,12058.7421875,275.0
1758393148.8357632,100,12058.7421875,274.0
1758393149.8361003,100,12058.7421875,275.0
1758393150.8365018,100,12058.7421875,274.0
1758393151.8367994,100,12058.7421875,274.0
1758393152.8370247,100,12058.7421875,274.0
1758393153.837284,100,12058.7421875,275.0
1758393154.8380952,100,12058.7421875,275.0
1758393155.8382971,100,12058.7421875,273.0
1758393156.8386207,100,12058.7421875,274.0
1758393157.8389587,100,12058.7421875,273.0
1758393158.8393161,100,12058.7421875,276.0
1758393159.8395693,100,12058.7421875,275.0
1758393160.839795,100,12058.7421875,274.0
1758393161.8400617,100,12058.7421875,274.0
1758393162.8405554,100,12058.7421875,273.0
1758393163.8409965,100,12058.7421875,276.0
1758393164.841222,100,12058.7421875,274.0
1758393165.8420403,100,12058.7421875,274.0
1758393166.8422682,100,12058.7421875,274.0
1758393167.842518,100,12058.7421875,273.0
1758393168.842914,100,12058.7421875,276.0
1758393169.8433073,100,12058.7421875,274.0
1758393170.8436778,100,12058.7421875,274.0
1758393171.8440506,100,12058.7421875,274.0
1758393172.8444157,100,12058.7421875,273.0
1758393173.8446138,100,12058.7421875,276.0
1758393174.8449328,100,12058.7421875,274.0
1758393175.8451283,100,12058.7421875,275.0
1758393176.8454068,100,12058.7421875,274.0
1758393177.8457344,100,12058.7421875,274.0
1758393178.845966,100,12058.7421875,275.0
1758393179.8461604,100,12058.7421875,274.0
1758393180.8464346,100,12058.7421875,274.0
1758393181.8469765,100,12058.7421875,273.0
1758393182.847555,100,12058.7421875,275.0
1758393183.8478143,100,12058.7421875,275.0
1758393184.8483343,100,12058.7421875,274.0
1758393185.848689,100,12058.7421875,274.0
1758393186.8489404,100,12058.7421875,273.0
1758393187.8492928,100,12058.7421875,276.0
1758393188.8498209,100,12058.7421875,274.0
1758393189.8500245,100,12058.7421875,274.0
1758393190.850293,100,12058.7421875,274.0
1758393191.8504891,100,12058.7421875,273.0
1758393192.8507586,100,12058.7421875,276.0
1758393193.8510404,100,12058.7421875,274.0
1758393194.8512383,100,12058.7421875,275.0
1758393195.8515415,100,12058.7421875,274.0
1758393196.8518453,100,12058.7421875,273.0
1758393197.8523955,100,12058.7421875,276.0
1758393198.852909,100,12058.7421875,274.0
1758393199.8532147,100,12058.7421875,274.0
1758393200.8539581,100,12058.7421875,275.0
1758393201.8543355,100,12058.7421875,273.0
1758393202.8545334,100,12058.7421875,276.0
1758393203.8547306,100,12058.7421875,274.0
1758393204.854939,100,12058.7421875,274.0
1758393205.8551464,100,12058.7421875,275.0
1758393206.8554382,100,12058.7421875,274.0
1758393207.8557448,100,12058.7421875,275.0
1758393208.855974,100,12058.7421875,273.0
1758393209.8561792,100,12058.7421875,274.0
1758393210.8563755,100,12058.7421875,274.0
1758393211.8566544,100,12058.7421875,275.0
1758393212.8569965,100,12058.7421875,275.0
1758393213.85739,100,12058.7421875,274.0
1758393214.857588,100,12058.7421875,274.0
1758393215.85787,100,12058.7421875,273.0
1758393216.8582864,100,12058.7421875,276.0
1758393217.8588247,100,12058.7421875,274.0
1758393218.859091,100,12058.7421875,274.0
1758393219.8594306,100,12058.7421875,274.0
1758393220.859876,100,12058.7421875,273.0
1758393221.8601167,100,12058.7421875,276.0
1758393222.860312,100,12058.7421875,274.0
1758393223.8608723,100,12058.7421875,274.0
1758393224.861083,100,12058.7421875,274.0
1758393225.861459,100,12058.7421875,273.0
1758393226.8616817,100,12058.7421875,276.0
1758393227.8618891,100,12058.7421875,274.0
1758393228.8621771,100,12058.7421875,274.0
1758393229.8623884,100,12058.7421875,275.0
1758393230.8625906,100,12058.7421875,274.0
1758393231.8630004,100,12058.7421875,276.0
1758393232.8632076,100,12058.7421875,274.0
1758393233.863589,100,12058.7421875,274.0
1758393234.8640049,100,12058.7421875,275.0
1758393235.8643095,100,12058.7421875,275.0
1758393236.864839,100,12058.7421875,275.0
1758393237.8651083,100,12058.7421875,273.0
1758393238.8654485,100,12058.7421875,274.0
1758393239.8656566,100,12058.7421875,274.0
1758393240.8660429,100,12058.7421875,275.0
1758393241.8665295,100,12058.7421875,275.0
1758393242.8667269,100,12058.7421875,274.0
1758393243.8669362,100,12058.7421875,274.0
1758393244.8671927,100,12058.7421875,273.0
1758393245.8674054,100,12058.7421875,276.0
1758393246.8678226,100,12058.7421875,274.0
1758393247.8682477,100,12058.7421875,274.0
1758393248.8686492,100,12058.7421875,274.0
1758393249.8691785,100,12058.7421875,273.0
1758393250.8693767,100,12058.7421875,276.0
1758393251.8698542,100,12058.7421875,274.0
1758393252.8702962,100,12058.7421875,274.0
1758393253.8706536,100,12058.7421875,274.0
1758393254.8709064,100,12058.7421875,273.0
1758393255.8713784,100,12058.7421875,276.0
1758393256.871774,100,12058.7421875,274.0
1758393257.8721933,100,12058.7421875,274.0
1758393258.8723876,100,12058.7421875,275.0
1758393259.872756,100,12058.7421875,273.0
1758393260.8730807,100,12058.7421875,276.0
1758393261.8735166,100,12058.7421875,273.0
1758393262.8737776,100,12058.7421875,274.0
1758393263.873991,100,12058.7421875,275.0
1758393264.8742013,100,12058.7421875,274.0
1758393265.874461,100,12058.7421875,275.0
1758393266.8747685,100,12058.7421875,273.0
1758393267.8751912,100,12058.7421875,274.0
1758393268.8754814,100,12058.7421875,273.0
1758393269.876049,100,12058.7421875,276.0
1758393270.8764021,100,12058.7421875,275.0
1758393271.8767266,100,12058.7421875,274.0
1758393272.8771253,100,12058.7421875,274.0
1758393273.8773475,100,12058.7421875,273.0
1758393274.8777227,100,12058.7421875,276.0
1758393275.8779407,100,12058.7421875,274.0
1758393276.8781939,100,12058.7421875,274.0
1758393277.8787036,100,12058.7421875,274.0
1758393278.878899,100,12058.7421875,272.0
1758393279.87928,100,12058.7421875,276.0
1758393280.8799016,100,12058.7421875,274.0
1758393281.8804688,100,12058.7421875,274.0
1758393282.8807054,100,12058.7421875,275.0
1758393283.8809266,100,12058.7421875,273.0
1758393284.8812373,100,12058.7421875,276.0
1758393285.8816545,100,12058.7421875,274.0
1758393286.8819537,100,12058.7421875,274.0
1758393287.8821783,100,12058.7421875,274.0
1758393288.8824992,100,12058.7421875,274.0
1758393289.8827236,100,12058.7421875,276.0
1758393290.8829188,100,12058.7421875,274.0
1758393291.8831952,100,12058.7421875,274.0
1758393292.8835835,100,12058.7421875,275.0
1758393293.883866,100,12058.7421875,274.0
1758393294.8840764,100,12058.7421875,275.0
1758393295.8846009,100,12058.7421875,273.0
1758393296.8848062,100,12058.7421875,274.0
1758393297.8850646,100,12058.7421875,274.0
1758393298.8852985,100,12058.7421875,275.0
1758393299.8856323,100,12058.7421875,275.0
1758393300.8861141,100,12058.7421875,274.0
1758393301.8864768,100,12058.7421875,274.0
1758393302.8868184,100,12058.7421875,274.0
1758393303.8870938,100,12058.7421875,276.0
1758393304.8873003,100,12058.7421875,274.0
1758393305.887599,100,12058.7421875,274.0
1758393306.888019,100,12058.7421875,274.0
1758393307.8884306,100,12058.7421875,273.0
1758393308.8886862,100,12058.7421875,276.0
1758393309.8889203,100,12058.7421875,274.0
1758393310.8891172,100,12058.7421875,274.0
1758393311.8896286,100,12058.7421875,274.0
1758393312.8900235,100,12058.7421875,273.0
1758393313.8903115,100,12058.7421875,276.0
1758393314.8906927,100,12058.7421875,274.0
1758393315.8909252,100,12058.7421875,274.0
1758393316.891134,100,12058.7421875,275.0
1758393317.8915412,100,12058.7421875,274.0
1758393318.8917453,100,12058.7421875,276.0
1758393319.8920121,100,12058.7421875,274.0
1758393320.8924043,100,12058.7421875,274.0
1758393321.892764,100,12058.7421875,274.0
1758393322.8929882,100,12058.7421875,275.0
1758393323.8931854,100,12058.7421875,275.0
1758393324.8934348,100,12058.7421875,274.0
1758393325.8937287,100,12058.7421875,275.0
1758393326.893926,100,12058.7421875,273.0
1758393327.8941329,100,12058.7421875,276.0
1758393328.8947382,100,12058.7421875,275.0
1758393329.8950782,100,12058.7421875,274.0
1758393330.8953424,100,12058.7421875,274.0
1758393331.895538,100,12058.7421875,273.0
1758393332.8957465,100,12058.7421875,276.0
1758393333.896274,100,12058.7421875,274.0
1758393334.8965309,100,12058.7421875,274.0
1758393335.8967257,100,12058.7421875,274.0
1758393336.8969357,100,12058.7421875,273.0
1758393337.8972251,100,12058.7421875,276.0
1758393338.897479,100,12058.7421875,274.0
1758393339.897685,100,12058.7421875,274.0
1758393340.8980947,100,12058.7421875,275.0
1758393341.8984268,100,12058.7421875,273.0
1758393342.8987167,100,12058.7421875,276.0
1758393343.8991272,100,12058.7421875,274.0
1758393344.8993723,100,12058.7421875,274.0
1758393345.8995712,100,12058.7421875,275.0
1758393346.8997738,100,12058.7421875,274.0
1758393347.9002018,100,12058.7421875,276.0
1758393348.9004102,100,12058.7421875,274.0
1758393349.9008005,100,12058.7421875,274.0
1758393350.9010026,100,12058.7421875,275.0
1758393351.9012296,100,12058.7421875,275.0
1758393352.9015572,100,12058.7421875,275.0
1758393353.9017549,100,12058.7421875,274.0
1758393354.902158,100,12058.7421875,274.0
1758393355.9024048,100,12058.7421875,274.0
1758393356.9026134,100,12058.7421875,275.0
1758393357.9029086,100,12058.7421875,275.0
1758393358.9034355,100,12058.7421875,274.0
1758393359.9037154,100,12058.7421875,274.0
1758393360.904067,100,12058.7421875,272.0
1758393361.9042773,100,12058.7421875,276.0
1758393362.9045832,100,12058.7421875,274.0
1758393363.905179,100,12058.7421875,274.0
1758393364.9054856,100,12058.7421875,274.0
1758393365.9058905,100,12058.7421875,273.0
1758393366.9061005,100,12058.7421875,276.0
1758393367.9063497,100,12058.7421875,274.0
1758393368.9068983,100,12058.7421875,274.0
1758393369.9071674,100,12058.7421875,274.0
1758393370.9076517,100,12058.7421875,273.0
1758393371.9079316,100,12058.7421875,276.0
1758393372.9082546,100,12058.7421875,274.0
1758393373.9085486,100,12058.7421875,274.0
1758393374.9089634,100,12058.7421875,275.0
1758393375.9095135,100,12058.7421875,274.0
1758393376.9097245,100,12058.7421875,275.0
1758393377.9099202,100,12058.7421875,274.0
1758393378.9101334,100,12058.7421875,275.0
1758393379.910332,100,12058.7421875,274.0
1758393380.9107473,100,12058.7421875,274.0
1758393381.911046,100,12058.7421875,275.0
1758393382.911256,100,12058.7421875,274.0
1758393383.9114838,100,12058.7421875,274.0
1758393384.911919,100,12058.7421875,274.0
1758393385.912124,100,12058.7421875,276.0
1758393386.9126315,100,12058.7421875,275.0
1758393387.9131947,100,12058.7421875,274.0
1758393388.9135828,100,12058.7421875,274.0
1758393389.9140124,100,12058.7421875,273.0
1758393390.9144542,100,12058.7421875,276.0
1758393391.9148278,100,12058.7421875,274.0
1758393392.9152958,100,12058.7421875,274.0
1758393393.9157004,100,12058.7421875,274.0
1758393394.9159167,100,12058.7421875,273.0
1758393395.91617,100,12058.7421875,276.0
1758393396.9165046,100,12058.7421875,274.0
1758393397.917034,100,12058.7421875,274.0
1758393398.917352,100,12058.7421875,274.0
1758393399.9176304,100,12058.7421875,273.0
1758393400.918073,100,12058.7421875,276.0
1758393401.9182684,100,12058.7421875,274.0
1758393402.9184873,100,12058.7421875,274.0
1758393403.9187722,100,12058.7421875,275.0
1758393404.9189918,100,12058.7421875,274.0
1758393405.9192822,100,12058.7421875,275.0
1758393406.9195583,100,12058.7421875,274.0
1758393407.9198954,100,12058.7421875,274.0
1758393408.9201307,100,12058.7421875,274.0
1758393409.920479,100,12058.7421875,275.0
1758393410.920747,100,12058.7421875,275.0
1758393411.9209416,100,12058.7421875,274.0
1758393412.9212546,100,12058.7421875,274.0
1758393413.921656,100,12058.7421875,273.0
1758393414.9222128,100,12058.7421875,276.0
1758393415.9224257,100,12058.7421875,274.0
1758393416.922649,100,12058.7421875,274.0
1758393417.9228694,100,12058.7421875,275.0
1758393418.923272,100,12058.7421875,274.0
1758393419.9234684,100,12058.7421875,276.0
1758393420.9243834,100,12058.7421875,274.0
1758393421.9246764,100,12058.7421875,274.0
1758393422.9250522,100,12058.7421875,274.0
1758393423.9255257,100,12058.7421875,273.0
1758393424.9257529,100,12058.7421875,276.0
1758393425.9259782,100,12058.7421875,274.0
1758393426.9262824,100,12058.7421875,275.0
1758393427.9264762,100,12058.7421875,274.0
1758393428.9267104,100,12058.7421875,273.0
1758393429.9270256,100,12058.7421875,276.0
1758393430.927443,100,12058.7421875,274.0
1758393431.9280226,100,12058.7421875,274.0
1758393432.928415,100,12058.7421875,275.0
1758393433.928613,100,12058.7421875,275.0
1758393434.929161,100,12058.7421875,275.0
1758393435.9293542,100,12058.7421875,273.0
1758393436.929586,100,12058.7421875,274.0
1758393437.9299335,100,12058.7421875,274.0
1758393438.9301617,100,12058.7421875,275.0
1758393439.9304712,100,12058.7421875,274.0
1758393440.9310398,100,12058.7421875,274.0
1758393441.9312341,100,12058.7421875,274.0
1758393442.931732,100,12058.7421875,273.0
1758393443.9319594,100,12058.7421875,276.0
1758393444.932241,100,12058.7421875,275.0
1758393445.9327893,100,12058.7421875,274.0
1758393446.9330788,100,12058.7421875,274.0
1758393447.933282,100,12058.7421875,273.0
1758393448.9338202,100,12058.7421875,276.0
1758393449.9341867,100,12058.7421875,274.0
1758393450.9346735,100,12058.7421875,274.0
1758393451.9348683,100,12058.7421875,274.0
1758393452.9352944,100,12058.7421875,273.0
1758393453.9357815,100,12058.7421875,276.0
1758393454.9359775,100,12058.7421875,274.0
1758393455.9364622,100,12058.7421875,274.0
1758393456.9367871,100,12058.7421875,274.0
1758393457.9371235,100,12058.7421875,274.0
1758393458.9375553,100,12058.7421875,276.0
1758393459.9379697,100,12058.7421875,274.0
1758393460.9381738,100,12058.7421875,274.0
1758393461.9383698,100,12058.7421875,274.0
1758393462.9385674,100,12058.7421875,275.0
1758393463.9389598,100,12058.7421875,275.0
1758393464.939335,100,12058.7421875,274.0
1758393465.9395313,100,12058.7421875,274.0
1758393466.9397292,100,12058.7421875,274.0
1758393467.9399734,100,12058.7421875,275.0
1758393468.940329,100,12058.7421875,275.0
1758393469.9405298,100,12058.7421875,274.0
1758393470.9408128,100,12058.7421875,274.0
1758393471.9415007,100,12058.7421875,274.0
1758393472.9417086,100,12058.7421875,276.0
1758393473.941979,100,12058.7421875,274.0
1758393474.9421756,100,12058.7421875,274.0
1758393475.9428034,100,12058.7421875,274.0
1758393476.9430082,100,12058.7421875,273.0
1758393477.9435463,100,12058.7421875,276.0
1758393478.9437406,100,12058.7421875,274.0
1758393479.944003,100,12058.7421875,274.0
1758393480.9443407,100,12058.7421875,274.0
1758393481.9446247,100,12058.7421875,273.0
1758393482.944932,100,12058.7421875,276.0
1758393483.9452736,100,12058.7421875,274.0
1758393484.945933,100,12058.7421875,274.0
1758393485.946158,100,12058.7421875,274.0
1758393486.9464927,100,12058.7421875,273.0
1758393487.9468887,100,12058.7421875,276.0
1758393488.9471846,100,12058.7421875,274.0
1758393489.9473886,100,12058.7421875,274.0
1758393490.9476516,100,12058.7421875,275.0
1758393491.948092,100,12058.7421875,275.0
1758393492.9483995,100,12058.7421875,275.0
1758393493.9486084,100,12058.7421875,273.0
1758393494.948833,100,12058.7421875,274.0
1758393495.94904,100,12058.7421875,274.0
1758393496.9494553,100,12058.7421875,275.0
1758393497.9499354,100,12058.7421875,274.0
1758393498.9501317,100,12058.7421875,274.0
1758393499.950721,100,12058.7421875,274.0
1758393500.9511392,100,12058.7421875,273.0
1758393501.9515395,100,12058.7421875,276.0
1758393502.9517388,100,12058.7421875,274.0
1758393503.9520123,100,12058.7421875,274.0
1758393504.952221,100,12058.7421875,274.0
1758393505.9524913,100,12058.7421875,273.0
1758393506.9530284,100,12058.7421875,276.0
1758393507.9532373,100,12058.7421875,274.0
1758393508.9534435,100,12058.7421875,274.0
1758393509.9536545,100,12058.7421875,274.0
1758393510.9538672,100,12058.7421875,273.0
1758393511.954252,100,12058.7421875,276.0
1758393512.9544559,100,12058.7421875,274.0
1758393513.9548743,100,12058.7421875,274.0
1758393514.95524,100,12058.7421875,275.0
1758393515.955469,100,12058.7421875,274.0
1758393516.9559066,100,12058.7421875,275.0
1758393517.956281,100,12058.7421875,274.0
1758393518.9567347,100,12058.7421875,274.0
1758393519.956998,100,12058.7421875,274.0
1758393520.9572053,100,12058.7421875,274.0
1758393521.9576218,100,12058.7421875,275.0
1758393522.9581513,100,12058.7421875,274.0
1758393523.9584148,100,12058.7421875,274.0
1758393524.9586258,100,12058.7421875,273.0
1758393525.9588416,100,12058.7421875,276.0
1758393526.959034,100,12058.7421875,275.0
1758393527.9592516,100,12058.7421875,274.0
1758393528.9596827,100,12058.7421875,274.0
1758393529.9601982,100,12058.7421875,273.0
1758393530.9605496,100,12058.7421875,276.0
1758393531.9608305,100,12058.7421875,274.0
1758393532.9611557,100,12058.7421875,274.0
1758393533.9614158,100,12058.7421875,275.0
1758393534.96161,100,12058.7421875,273.0
1758393535.9618893,100,12058.7421875,276.0
1758393536.962098,100,12058.7421875,274.0
1758393537.9623556,100,12058.7421875,274.0
1758393538.9625492,100,12058.7421875,275.0
1758393539.9628766,100,12058.7421875,273.0
1758393540.9633965,100,12058.7421875,276.0
1758393541.9637702,100,12058.7421875,274.0
1758393542.9641047,100,12058.7421875,274.0
1758393543.9643586,100,12058.7421875,275.0
1758393544.9648445,100,12058.7421875,274.0
1758393545.9650698,100,12058.7421875,276.0
1758393546.9652925,100,12058.7421875,273.0
1758393547.9658563,100,12058.7421875,274.0
1758393548.9660597,100,12058.7421875,274.0
1758393549.9665053,100,12058.7421875,275.0
1758393550.9668744,100,12058.7421875,275.0
1758393551.967297,100,12058.7421875,274.0
1758393552.9675553,100,12058.7421875,274.0
1758393553.967975,100,12058.7421875,274.0
1758393554.9681873,100,12058.7421875,275.0
1758393555.9686756,100,12058.7421875,275.0
1758393556.9689648,100,12058.7421875,274.0
1758393557.9691904,100,12058.7421875,274.0
1758393558.9694839,100,12058.7421875,274.0
1758393559.9699793,100,12058.7421875,276.0
1758393560.970185,100,12058.7421875,274.0
1758393561.970633,100,12058.7421875,274.0
1758393562.9710312,100,12058.7421875,274.0
1758393563.9716067,100,12058.7421875,273.0
1758393564.9718122,100,12058.7421875,276.0
1758393565.9720976,100,12058.7421875,274.0
1758393566.9725022,100,12058.7421875,274.0
1758393567.9727979,100,12058.7421875,274.0
1758393568.9733136,100,12058.7421875,273.0
1758393569.9736001,100,12058.7421875,276.0
1758393570.9737945,100,12058.7421875,274.0
1758393571.9743593,100,12058.7421875,274.0
1758393572.9745946,100,12058.7421875,275.0
1758393573.9748278,100,12058.7421875,274.0
1758393574.9751313,100,12058.7421875,275.0
1758393575.975474,100,12058.7421875,274.0
1758393576.9757187,100,12058.7421875,274.0
1758393577.976131,100,12058.7421875,274.0
1758393578.9765658,100,12058.7421875,275.0
1758393579.9769557,100,12058.7421875,275.0
1758393580.9772167,100,12058.7421875,274.0
1758393581.977707,100,12058.7421875,274.0
1758393582.977982,100,12058.7421875,273.0
1758393583.9784226,100,12058.7421875,276.0
1758393584.9787183,100,12058.7421875,274.0
1758393585.9789796,100,12058.7421875,274.0
1758393586.9791737,100,12058.7421875,274.0
1758393587.979372,100,12058.7421875,273.0
1758393588.9797854,100,12058.7421875,276.0
1758393589.9802065,100,12058.7421875,274.0
1758393590.9807458,100,12058.7421875,275.0
1758393591.9809506,100,12058.7421875,275.0
1758393592.981295,100,12058.7421875,272.0
1758393593.9814935,100,12058.7421875,276.0
1758393594.981687,100,12058.7421875,274.0
1758393595.9818869,100,12058.7421875,274.0
1758393596.982393,100,12058.7421875,275.0
1758393597.9825907,100,12058.7421875,273.0
1758393598.982996,100,12058.7421875,276.0
1758393599.9832232,100,12058.7421875,274.0
1758393600.983588,100,12058.7421875,274.0
1758393601.9840124,100,12058.7421875,275.0
1758393602.984271,100,12058.7421875,275.0
1758393603.9846196,100,12058.7421875,275.0
1758393604.9848325,100,12058.7421875,274.0
1758393605.9850826,100,12058.7421875,274.0
1758393606.9852831,100,12058.7421875,273.0
1758393607.985779,100,12058.7421875,276.0
1758393608.9861019,100,12058.7421875,275.0
1758393609.9864035,100,12058.7421875,274.0
1758393610.9867737,100,12058.7421875,274.0
1758393611.9870646,100,12058.7421875,273.0
1758393612.9872682,100,12058.7421875,276.0
1758393613.9877114,100,12058.7421875,274.0
1758393614.9879358,100,12058.7421875,274.0
1758393615.9881687,100,12058.7421875,274.0
1758393616.9884303,100,12058.7421875,273.0
1758393617.9887486,100,12058.7421875,276.0
1758393618.9889505,100,12058.7421875,274.0
1758393619.9892056,100,12058.7421875,274.0
1758393620.9895015,100,12058.7421875,274.0
1758393621.9898913,100,12058.7421875,273.0
1758393622.9901392,100,12058.7421875,276.0
1758393623.9906282,100,12058.7421875,274.0
1758393624.9909394,100,12058.7421875,274.0
1758393625.9911568,100,12058.7421875,274.0
1758393626.991833,100,12058.7421875,273.0
1758393627.9923594,100,12058.7421875,276.0
1758393628.9926734,100,12058.7421875,274.0
1758393629.9930797,100,12058.7421875,274.0
1758393630.993714,100,12058.7421875,275.0
1758393631.9939177,100,12058.7421875,274.0
1758393632.9941838,100,12058.7421875,274.0
1758393633.9943762,100,12058.7421875,274.0
1758393634.995031,100,12058.7421875,274.0
1758393635.9955864,100,12058.7421875,274.0
1758393636.995797,100,12058.7421875,275.0
1758393637.9961913,100,12058.7421875,275.0
1758393638.9967039,100,12058.7421875,274.0
1758393639.997024,100,12058.7421875,274.0
1758393640.997236,100,12058.7421875,273.0
1758393641.9974773,100,12058.7421875,276.0
1758393642.9976873,100,12058.7421875,274.0
1758393643.998138,100,12058.7421875,274.0
1758393644.9984925,100,12058.7421875,274.0
1758393645.9989378,100,12058.7421875,273.0
1758393646.9991524,100,12058.7421875,276.0
1758393647.9994023,100,12058.7421875,274.0
1758393648.999654,100,12058.7421875,274.0
1758393650.000143,100,12058.7421875,274.0
1758393651.000933,100,12058.7421875,273.0
1758393652.0011318,100,12058.7421875,277.0
1758393653.0016396,100,12058.7421875,274.0
1758393654.002444,100,12058.7421875,274.0
1758393655.0030859,100,12058.7421875,274.0
1758393656.0034568,100,12058.7421875,273.0
1758393657.0036743,100,12058.7421875,276.0
1758393658.0038698,100,12058.7421875,274.0
1758393659.0040972,100,12058.7421875,274.0
1758393660.0043638,100,12058.7421875,274.0
1758393661.0045822,100,12058.7421875,274.0
1758393662.0048518,100,12058.7421875,276.0
1758393663.0052707,100,12058.7421875,274.0
1758393664.0056884,100,12058.7421875,274.0
1758393665.0061743,100,12058.7421875,275.0
1758393666.0064008,100,12058.7421875,275.0
1758393667.0066192,100,12058.7421875,275.0
1758393668.006884,100,12058.7421875,274.0
1758393669.0073054,100,12058.7421875,274.0
1758393670.0075576,100,12058.7421875,274.0
1758393671.007777,100,12058.7421875,275.0
1758393672.0085142,100,12058.7421875,275.0
1758393673.0087378,100,12058.7421875,274.0
1758393674.009034,100,12058.7421875,274.0
1758393675.0092537,100,12058.7421875,273.0
1758393676.0096347,100,12058.7421875,276.0
1758393677.0099106,100,12058.7421875,274.0
1758393678.0101035,100,12058.7421875,274.0
1758393679.0103626,100,12058.7421875,274.0
1758393680.0105715,100,12058.7421875,273.0
1758393681.0107958,100,12058.7421875,276.0
1758393682.011172,100,12058.7421875,274.0
1758393683.0114264,100,12058.7421875,274.0
1758393684.0116398,100,12058.7421875,274.0
1758393685.0121253,100,12058.7421875,273.0
1758393686.0123289,100,12058.7421875,276.0
1758393687.0126536,100,12058.7421875,274.0
1758393688.0130394,100,12058.7421875,274.0
1758393689.013479,100,12058.7421875,275.0
1758393690.014023,100,12058.7421875,273.0
1758393691.014465,100,12058.7421875,276.0
1758393692.0146637,100,12058.7421875,274.0
1758393693.0148916,100,12058.7421875,274.0
1758393694.0150986,100,12058.7421875,275.0
1758393695.0155342,100,12058.7421875,274.0
1758393696.0157819,100,12058.7421875,275.0
1758393697.0160146,100,12058.7421875,273.0
1758393698.0163608,100,12058.7421875,275.0
1758393699.016713,100,12058.7421875,274.0
1758393700.0172698,100,12058.7421875,275.0
1758393701.017629,100,12058.7421875,275.0
1758393702.0180302,100,12058.7421875,274.0
1758393703.0186212,100,12058.7421875,274.0
1758393704.0189872,100,12058.7421875,273.0
1758393705.0192277,100,12058.7421875,276.0
1758393706.0194247,100,12058.7421875,275.0
1758393707.0198283,100,12058.7421875,274.0
1758393708.0202987,100,12058.7421875,274.0
1758393709.0206788,100,12058.7421875,273.0
1758393710.0212753,100,12058.7421875,276.0
1758393711.02151,100,12058.7421875,274.0
1758393712.0220616,100,12058.7421875,274.0
1758393713.0223386,100,12058.7421875,275.0
1758393714.0225341,100,12058.7421875,273.0
1758393715.0228674,100,12058.7421875,276.0
1758393716.0230677,100,12058.7421875,274.0
1758393717.0232697,100,12058.7421875,274.0
1758393718.0234678,100,12058.7421875,275.0
1758393719.0238986,100,12058.7421875,273.0
1758393720.0242891,100,12058.7421875,277.0
1758393721.0246239,100,12058.7421875,274.0
1758393722.0248284,100,12058.7421875,274.0
1758393723.0250254,100,12058.7421875,275.0
1758393724.0252752,100,12058.7421875,274.0
1758393725.0256882,100,12058.7421875,275.0
1758393726.026223,100,12058.7421875,274.0
1758393727.0266528,100,12058.7421875,274.0
1758393728.0268512,100,12058.7421875,274.0
1758393729.0271397,100,12058.7421875,275.0
1758393730.027662,100,12058.7421875,275.0
1758393731.0278587,100,12058.7421875,274.0
1758393732.0282702,100,12058.7421875,274.0
1758393733.0285356,100,12058.7421875,273.0
1758393734.0287435,100,12058.7421875,276.0
1758393735.0291946,100,12058.7421875,275.0
1758393736.0296996,100,12058.7421875,274.0
1758393737.029903,100,12058.7421875,274.0
1758393738.030265,100,12058.7421875,273.0
1758393739.0304873,100,12058.7421875,276.0
1758393740.0307503,100,12058.7421875,275.0
1758393741.0310192,100,12058.7421875,274.0
1758393742.0314834,100,12058.7421875,274.0
1758393743.031787,100,12058.7421875,273.0
1758393744.0320518,100,12058.7421875,276.0
1758393745.0324242,100,12058.7421875,275.0
1758393746.0326767,100,12058.7421875,274.0
1758393747.032963,100,12058.7421875,275.0
1758393748.033398,100,12058.7421875,273.0
1758393749.0338922,100,12058.7421875,276.0
1758393750.0340986,100,12058.7421875,274.0
1758393751.0343652,100,12058.7421875,274.0
1758393752.0345693,100,12058.7421875,275.0
1758393753.0349858,100,12058.7421875,274.0
1758393754.0353684,100,12058.7421875,276.0
1758393755.0357227,100,12058.7421875,274.0
1758393756.0360222,100,12058.7421875,274.0
1758393757.03631,100,12058.7421875,274.0
1758393758.0366156,100,12058.7421875,275.0
1758393759.036878,100,12058.7421875,275.0
1758393760.037191,100,12058.7421875,274.0
1758393761.0376205,100,12058.7421875,275.0
1758393762.0380065,100,12058.7421875,273.0
1758393763.0382023,100,12058.7421875,276.0
1758393764.038501,100,12058.7421875,275.0
1758393765.0388813,100,12058.7421875,274.0
1758393766.0390887,100,12058.7421875,274.0
1758393767.0393553,100,12058.7421875,273.0
1758393768.039567,100,12058.7421875,276.0
1758393769.039834,100,12058.7421875,274.0
1758393770.0403929,100,12058.7421875,274.0
1758393771.0406992,100,12058.7421875,274.0
1758393772.040912,100,12058.7421875,273.0
1758393773.0413208,100,12058.7421875,276.0
1758393774.0415337,100,12058.7421875,274.0
1758393775.041728,100,12058.7421875,274.0
1758393776.0420868,100,12058.7421875,274.0
1758393777.0423348,100,12058.7421875,273.0
1758393778.04255,100,12058.7421875,276.0
1758393779.0428026,100,12058.7421875,274.0
1758393780.043127,100,12058.7421875,274.0
1758393781.0435534,100,12058.7421875,275.0
1758393782.0439565,100,12058.7421875,274.0
1758393783.0444157,100,12058.7421875,275.0
1758393784.0448284,100,12058.7421875,274.0
1758393785.0452528,100,12058.7421875,274.0
1758393786.0455103,100,12058.7421875,274.0
1758393787.045707,100,12058.7421875,275.0
1758393788.0459232,100,12058.7421875,275.0
1758393789.046249,100,12058.7421875,274.0
1758393790.046718,100,12058.7421875,274.0
1758393791.0471625,100,12058.7421875,273.0
1758393792.0473814,100,12058.7421875,276.0
1758393793.0475826,100,12058.7421875,274.0
1758393794.0478005,100,12058.7421875,274.0
1758393795.048183,100,12058.7421875,274.0
1758393796.0484018,100,12058.7421875,273.0
1758393797.0486596,100,12058.7421875,276.0
1758393798.0488782,100,12058.7421875,274.0
1758393799.04907,100,12058.7421875,274.0
1758393800.049345,100,12058.7421875,274.0
1758393801.0495944,100,12058.7421875,273.0
1758393802.0498157,100,12058.7421875,276.0
1758393803.0502324,100,12058.7421875,274.0
1758393804.0505295,100,12058.7421875,274.0
1758393805.050951,100,12058.7421875,274.0
1758393806.051218,100,12058.7421875,273.0
1758393807.0514398,100,12058.7421875,276.0
1758393808.0516608,100,12058.7421875,274.0
1758393809.0518618,100,12058.7421875,274.0
1758393810.0524683,100,12058.7421875,274.0
1758393811.0526628,100,12058.7421875,274.0
1758393812.0528898,100,12058.7421875,275.0
1758393813.0531373,100,12058.7421875,274.0
1758393814.0534964,100,12058.7421875,274.0
1758393815.0537508,100,12058.7421875,274.0
1758393816.053987,100,12058.7421875,275.0
1758393817.054392,100,12058.7421875,275.0
1758393818.0552018,100,12058.7421875,274.0
1758393819.0554733,100,12058.7421875,274.0
1758393820.0557754,100,12058.7421875,273.0
1758393821.0560846,100,12058.7421875,276.0
1758393822.0563102,100,12058.7421875,274.0
1758393823.0565047,100,12058.7421875,274.0
1758393824.0569644,100,12058.7421875,274.0
1758393825.0573716,100,12058.7421875,273.0
1758393826.05779,100,12058.7421875,276.0
1758393827.0579882,100,12058.7421875,274.0
1758393828.0585241,100,12058.7421875,274.0
1758393829.0588045,100,12058.7421875,274.0
1758393830.0592034,100,12058.7421875,273.0
1758393831.059551,100,12058.7421875,276.0
1758393832.0597818,100,12058.7421875,274.0
1758393833.0599968,100,12058.7421875,275.0
1758393834.0604162,100,12058.7421875,275.0
1758393835.060653,100,12058.7421875,273.0
1758393836.0611558,100,12058.7421875,276.0
1758393837.0614557,100,12058.7421875,274.0
1758393838.0618763,100,12058.7421875,274.0
1758393839.0622954,100,12058.7421875,275.0
1758393840.0628395,100,12058.7421875,274.0
1758393841.0630376,100,12058.7421875,275.0
1758393842.0632734,100,12058.7421875,274.0
1758393843.0634832,100,12058.7421875,274.0
1758393844.063765,100,12058.7421875,274.0
1758393845.063964,100,12058.7421875,276.0
1758393846.0645003,100,12058.7421875,275.0
1758393847.064752,100,12058.7421875,273.0
1758393848.0649486,100,12058.7421875,274.0
1758393849.0655715,100,12058.7421875,274.0
1758393850.065926,100,12058.7421875,276.0
1758393851.0663464,100,12058.7421875,274.0
1758393852.0666623,100,12058.7421875,274.0
1758393853.06696,100,12058.7421875,274.0
1758393854.0672143,100,12058.7421875,273.0
1758393855.0674367,100,12058.7421875,276.0
1758393856.0676339,100,12058.7421875,274.0
1758393857.0678356,100,12058.7421875,274.0
1758393858.0680413,100,12058.7421875,274.0
1758393859.068237,100,12058.7421875,273.0
1758393860.0687795,100,12058.7421875,276.0
1758393861.06898,100,12058.7421875,274.0
1758393862.0691757,100,12058.7421875,274.0
1758393863.0693748,100,12058.7421875,275.0
1758393864.0695827,100,12058.7421875,273.0
1758393865.0698917,100,12058.7421875,276.0
1758393866.0703168,100,12058.7421875,274.0
1758393867.0706823,100,12058.7421875,274.0
1758393868.0710206,100,12058.7421875,274.0
1758393869.0713344,100,12058.7421875,275.0
1758393870.0716045,100,12058.7421875,275.0
1758393871.0718052,100,12058.7421875,274.0
1758393872.0721943,100,12058.7421875,274.0
1758393873.0725179,100,12058.7421875,274.0
1758393874.0728793,100,12058.7421875,275.0
1758393875.0734217,100,12058.7421875,274.0
1758393876.0736475,100,12058.7421875,274.0
1758393877.0741992,100,12058.7421875,274.0
1758393878.0745695,100,12058.7421875,273.0
1758393879.0749068,100,12058.7421875,276.0
1758393880.0753324,100,12058.7421875,275.0
1758393881.0755942,100,12058.7421875,274.0
1758393882.0759375,100,12058.7421875,274.0
1758393883.0762355,100,12058.7421875,273.0
1758393884.0764434,100,12058.7421875,276.0
1758393885.0767763,100,12058.7421875,274.0
1758393886.0770197,100,12058.7421875,274.0
1758393887.0772624,100,12058.7421875,274.0
1758393888.0774558,100,12058.7421875,273.0
1758393889.0777206,100,12058.7421875,276.0
1758393890.0781684,100,12058.7421875,274.0
1758393891.078372,100,12058.7421875,274.0
1758393892.078569,100,12058.7421875,275.0
1758393893.0787802,100,12058.7421875,273.0
1758393894.0791445,100,12058.7421875,276.0
1758393895.0793533,100,12058.7421875,274.0
1758393896.0795612,100,12058.7421875,274.0
1758393897.0797684,100,12058.7421875,275.0
1758393898.080078,100,12058.7421875,275.0
1758393899.0802865,100,12058.7421875,274.0
1758393900.0806072,100,12058.7421875,273.0
1758393901.0809305,100,12058.7421875,274.0
1758393902.0811327,100,12058.7421875,274.0
1758393903.0815508,100,12058.7421875,275.0
1758393904.0821562,100,12058.7421875,275.0
1758393905.082518,100,12058.7421875,274.0
1758393906.0829456,100,12058.7421875,274.0
1758393907.0831664,100,12058.7421875,273.0
1758393908.0835426,100,12058.7421875,276.0
1758393909.0838852,100,12058.7421875,275.0
1758393910.0842466,100,12058.7421875,274.0
1758393911.0845225,100,12058.7421875,275.0
1758393912.0849123,100,12058.7421875,273.0
1758393913.0855217,100,12058.7421875,276.0
1758393914.0861166,100,12058.7421875,274.0
1758393915.0865018,100,12058.7421875,274.0
1758393916.0866995,100,12058.7421875,274.0
1758393917.0870924,100,12058.7421875,273.0
1758393918.0874588,100,12058.7421875,276.0
1758393919.0877557,100,12058.7421875,274.0
1758393920.0879786,100,12058.7421875,274.0
1758393921.0882704,100,12058.7421875,275.0
1758393922.088575,100,12058.7421875,274.0
1758393923.0889676,100,12058.7421875,276.0
1758393924.089163,100,12058.7421875,274.0
1758393925.08945,100,12058.7421875,274.0
1758393926.0898185,100,12058.7421875,274.0
1758393927.0900385,100,12058.7421875,275.0
1758393928.090236,100,12058.7421875,275.0
1758393929.0904546,100,12058.7421875,274.0
1758393930.090761,100,12058.7421875,274.0
1758393931.0912042,100,12058.7421875,273.0
1758393932.0914052,100,12058.7421875,276.0
1758393933.091623,100,12058.7421875,275.0
1758393934.0918202,100,12058.7421875,274.0
1758393935.0921054,100,12058.7421875,274.0
1758393936.0923615,100,12058.7421875,273.0
1758393937.092638,100,12058.7421875,276.0
1758393938.0930712,100,12058.7421875,274.0
1758393939.0933318,100,12058.7421875,274.0
1758393940.0939097,100,12058.7421875,274.0
1758393941.0943167,100,12058.7421875,273.0
1758393942.0945158,100,12058.7421875,276.0
1758393943.0947697,100,12058.7421875,274.0
1758393944.0949674,100,12058.7421875,274.0
1758393945.0952475,100,12058.7421875,275.0
1758393946.0954418,100,12058.7421875,273.0
1758393947.0958493,100,12058.7421875,276.0
1758393948.096163,100,12058.7421875,274.0
1758393949.0963888,100,12058.7421875,274.0
1758393950.096759,100,12058.7421875,275.0
1758393951.0970492,100,12058.7421875,274.0
1758393952.097473,100,12058.7421875,275.0
1758393953.0977387,100,12058.7421875,274.0
1758393954.0981925,100,12058.7421875,274.0
1758393955.098421,100,12058.7421875,275.0
1758393956.0986238,100,12058.7421875,274.0
1758393957.098911,100,12058.7421875,275.0
1758393958.0992599,100,12058.7421875,274.0
1758393959.099765,100,12058.7421875,274.0
1758393960.099959,100,12058.7421875,273.0
1758393961.100397,100,12058.7421875,276.0
1758393962.1006906,100,12058.7421875,274.0
1758393963.1010747,100,12058.7421875,274.0
1758393964.1012871,100,12058.7421875,274.0
1758393965.1019142,100,12058.7421875,273.0
1758393966.1021147,100,12058.7421875,276.0
1758393967.1025128,100,12058.7421875,274.0
1758393968.1029458,100,12058.7421875,274.0
1758393969.1034029,100,12058.7421875,274.0
1758393970.1036937,100,12058.7421875,273.0
1758393971.1041205,100,12058.7421875,276.0
1758393972.1043153,100,12058.7421875,274.0
1758393973.104667,100,12058.7421875,274.0
1758393974.1051345,100,12058.7421875,274.0
1758393975.1054099,100,12058.7421875,273.0
1758393976.1056097,100,12058.7421875,276.0
1758393977.1058955,100,12058.7421875,274.0
1758393978.106168,100,12058.7421875,274.0
1758393979.1063633,100,12058.7421875,274.0
1758393980.106917,100,12058.7421875,273.0
1758393981.1073425,100,12058.7421875,276.0
1758393982.1076374,100,12058.7421875,274.0
1758393983.1080709,100,12058.7421875,274.0
1758393984.1083415,100,12058.7421875,274.0
1758393985.1086116,100,12058.7421875,275.0
1758393986.108809,100,12058.7421875,275.0
1758393987.109119,100,12058.7421875,274.0
1758393988.1094837,100,12058.7421875,274.0
1758393989.1097283,100,12058.7421875,273.0
1758393990.1102455,100,12058.7421875,276.0
1758393991.110501,100,12058.7421875,274.0
1758393992.1108463,100,12058.7421875,274.0
1758393993.1110916,100,12058.7421875,274.0
1758393994.1116574,100,12058.7421875,273.0
1758393995.1118526,100,12058.7421875,276.0
1758393996.1122775,100,12058.7421875,275.0
1758393997.112524,100,12058.7421875,274.0
1758393998.1127226,100,12058.7421875,274.0
1758393999.112942,100,12058.7421875,273.0
1758394000.11314,100,12058.7421875,276.0
1758394001.1133437,100,12058.7421875,274.0
1758394002.113547,100,12058.7421875,274.0
1758394003.1137402,100,12058.7421875,274.0
1758394004.1139884,100,12058.7421875,273.0
1758394005.1144617,100,12058.7421875,276.0
1758394006.1150014,100,12058.7421875,274.0
1758394007.1152709,100,12058.7421875,274.0
1758394008.1154733,100,12058.7421875,275.0
1758394009.1159027,100,12058.7421875,274.0
1758394010.1161146,100,12058.7421875,275.0
1758394011.1163495,100,12058.7421875,274.0
1758394012.116792,100,12058.7421875,274.0
1758394013.117687,100,12058.7421875,274.0
1758394014.1180081,100,12058.7421875,275.0
1758394015.1183531,100,12058.7421875,275.0
1758394016.1187897,100,12058.7421875,274.0
1758394017.1196399,100,12058.7421875,274.0
1758394018.1201239,100,12058.7421875,273.0
1758394019.1204927,100,12058.7421875,276.0
1758394020.120893,100,12058.7421875,275.0
1758394021.1211436,100,12058.7421875,274.0
1758394022.121369,100,12058.7421875,274.0
1758394023.121805,100,12058.7421875,273.0
1758394024.1220937,100,12058.7421875,276.0
1758394025.1226306,100,12058.7421875,274.0
1758394026.122922,100,12058.7421875,274.0
1758394027.1231165,100,12058.7421875,275.0
1758394028.1236567,100,12058.7421875,273.0
1758394029.1243217,100,12058.7421875,276.0
1758394030.1249676,100,12058.7421875,274.0
1758394031.1252482,100,12058.7421875,274.0
1758394032.1254582,100,12058.7421875,275.0
1758394033.1256597,100,12058.7421875,273.0
1758394034.126068,100,12058.7421875,276.0
1758394035.1264791,100,12058.7421875,274.0
1758394036.1269124,100,12058.7421875,274.0
1758394037.1274793,100,12058.7421875,274.0
1758394038.1277676,100,12058.7421875,274.0
1758394039.1281695,100,12058.7421875,275.0
1758394040.128596,100,12058.7421875,273.0
1758394041.1291418,100,12058.7421875,274.0
1758394042.1294062,100,12058.7421875,274.0
1758394043.1296065,100,12058.7421875,275.0
1758394044.1302896,100,12058.7421875,275.0
1758394045.1307564,100,12058.7421875,274.0
1758394046.130981,100,12058.7421875,274.0
1758394047.1311996,100,12058.7421875,274.0
1758394048.1314125,100,12058.7421875,276.0
1758394049.1318026,100,12058.7421875,274.0
1758394050.132018,100,12058.7421875,274.0
1758394051.1322138,100,12058.7421875,274.0
1758394052.1325424,100,12058.7421875,273.0
1758394053.1330144,100,12058.7421875,276.0
1758394054.1336362,100,12058.7421875,274.0
1758394055.1340377,100,12058.7421875,274.0
1758394056.134482,100,12058.7421875,274.0
1758394057.134777,100,12058.7421875,273.0
1758394058.1353216,100,12058.7421875,276.0
1758394059.1355171,100,12058.7421875,274.0
1758394060.135738,100,12058.7421875,274.0
1758394061.1359677,100,12058.7421875,274.0
1758394062.1362529,100,12058.7421875,273.0
1758394063.1365612,100,12058.7421875,276.0
1758394064.1369882,100,12058.7421875,274.0
1758394065.1373782,100,12058.7421875,274.0
1758394066.1376545,100,12058.7421875,275.0
1758394067.1381247,100,12058.7421875,274.0
1758394068.1383977,100,12058.7421875,275.0
1758394069.138717,100,12058.7421875,274.0
1758394070.1390178,100,12058.7421875,274.0
1758394071.1392744,100,12058.7421875,274.0
1758394072.1397345,100,12058.7421875,274.0
1758394073.1399343,100,12058.7421875,275.0
1758394074.1404161,100,12058.7421875,274.0
1758394075.1406138,100,12058.7421875,274.0
1758394076.1411088,100,12058.7421875,273.0
1758394077.1413066,100,12058.7421875,276.0
1758394078.142227,100,12058.7421875,275.0
1758394079.1425095,100,12058.7421875,274.0
1758394080.1427364,100,12058.7421875,274.0
1758394081.1429632,100,12058.7421875,273.0
1758394082.1433327,100,12058.7421875,276.0
1758394083.143702,100,12058.7421875,275.0
1758394084.1439834,100,12058.7421875,274.0
1758394085.1441872,100,12058.7421875,274.0
1758394086.1444125,100,12058.7421875,273.0
1758394087.1446068,100,12058.7421875,276.0
1758394088.1448345,100,12058.7421875,274.0
1758394089.1453319,100,12058.7421875,274.0
1758394090.1456506,100,12058.7421875,274.0
1758394091.1459942,100,12058.7421875,273.0
1758394092.146395,100,12058.7421875,276.0
1758394093.1468506,100,12058.7421875,274.0
1758394094.1472487,100,12058.7421875,274.0
1758394095.1474645,100,12058.7421875,275.0
1758394096.147699,100,12058.7421875,273.0
1758394097.1478984,100,12058.7421875,276.0
1758394098.148313,100,12058.7421875,274.0
1758394099.148565,100,12058.7421875,274.0
1758394100.1487944,100,12058.7421875,274.0
1758394101.1489923,100,12058.7421875,275.0
1758394102.1492264,100,12058.7421875,275.0
1758394103.1494203,100,12058.7421875,274.0
1758394104.1500275,100,12058.7421875,274.0
1758394105.1502254,100,12058.7421875,273.0
1758394106.1504593,100,12058.7421875,276.0
1758394107.150918,100,12058.7421875,275.0
1758394108.1512907,100,12058.7421875,274.0
1758394109.1515894,100,12058.7421875,274.0
1758394110.151958,100,12058.7421875,273.0
1758394111.1521773,100,12058.7421875,276.0
1758394112.1524863,100,12058.7421875,275.0
1758394113.153021,100,12058.7421875,274.0
1758394114.1533172,100,12058.7421875,274.0
1758394115.1535413,100,12058.7421875,272.0
1758394116.1537907,100,12058.7421875,276.0
1758394117.1539881,100,12058.7421875,274.0
1758394118.1541903,100,12058.7421875,274.0
1758394119.154406,100,12058.7421875,274.0
1758394120.154602,100,12058.7421875,273.0
1758394121.15503,100,12058.7421875,276.0
1758394122.155261,100,12058.7421875,274.0
1758394123.1555135,100,12058.7421875,274.0
1758394124.155899,100,12058.7421875,275.0
1758394125.1562212,100,12058.7421875,273.0
1758394126.1565616,100,12058.7421875,276.0
1758394127.1568837,100,12058.7421875,274.0
1758394128.1570816,100,12058.7421875,274.0
1758394129.1573808,100,12058.7421875,274.0
1758394130.1578069,100,12058.7421875,275.0
1758394131.1581223,100,12058.7421875,275.0
1758394132.1583188,100,12058.7421875,273.0
1758394133.1587179,100,12058.7421875,275.0
1758394134.1589668,100,12058.7421875,273.0
1758394135.159168,100,12058.7421875,276.0
1758394136.1596365,100,12058.7421875,274.0
1758394137.159872,100,12058.7421875,275.0
1758394138.160205,100,12058.7421875,274.0
1758394139.1606083,100,12058.7421875,273.0
1758394140.1609259,100,12058.7421875,276.0
1758394141.161129,100,12058.7421875,274.0
1758394142.1613343,100,12058.7421875,274.0
1758394143.161551,100,12058.7421875,274.0
1758394144.1621776,100,12058.7421875,273.0
1758394145.1623816,100,12058.7421875,276.0
1758394146.1625779,100,12058.7421875,274.0
1758394147.1628344,100,12058.7421875,274.0
1758394148.1631706,100,12058.7421875,275.0
1758394149.1636524,100,12058.7421875,273.0
1758394150.1638577,100,12058.7421875,276.0
1758394151.164086,100,12058.7421875,274.0
1758394152.1643615,100,12058.7421875,274.0
1758394153.164642,100,12058.7421875,275.0
1758394154.1649306,100,12058.7421875,274.0
1758394155.1652446,100,12058.7421875,276.0
1758394156.165547,100,12058.7421875,274.0
1758394157.1659632,100,12058.7421875,274.0
1758394158.166258,100,12058.7421875,275.0
1758394159.166524,100,12058.7421875,275.0
1758394160.1667237,100,12058.7421875,275.0
1758394161.1670241,100,12058.7421875,274.0
1758394162.1672988,100,12058.7421875,275.0
1758394163.167698,100,12058.7421875,273.0
1758394164.1678936,100,12058.7421875,276.0
1758394165.1683977,100,12058.7421875,275.0
1758394166.168887,100,12058.7421875,274.0
1758394167.1691031,100,12058.7421875,274.0
1758394168.1692965,100,12058.7421875,273.0
1758394169.1695073,100,12058.7421875,276.0
1758394170.1697063,100,12058.7421875,274.0
1758394171.1699626,100,12058.7421875,274.0
1758394172.1704187,100,12058.7421875,275.0
1758394173.1706893,100,12058.7421875,273.0
1758394174.1708856,100,12058.7421875,276.0
1758394175.1714191,100,12058.7421875,274.0
1758394176.1716163,100,12058.7421875,275.0
1758394177.1718297,100,12058.7421875,274.0
1758394178.1720862,100,12058.7421875,273.0
1758394179.1724083,100,12058.7421875,276.0
1758394180.1726544,100,12058.7421875,274.0
1758394181.173048,100,12058.7421875,274.0
1758394182.173245,100,12058.7421875,275.0
1758394183.1735346,100,12058.7421875,273.0
1758394184.1738575,100,12058.7421875,277.0
1758394185.1741836,100,12058.7421875,274.0
1758394186.1744032,100,12058.7421875,274.0
1758394187.174684,100,12058.7421875,274.0
1758394188.175032,100,12058.7421875,274.0
1758394189.1754725,100,12058.7421875,275.0
1758394190.1758695,100,12058.7421875,274.0
1758394191.1762369,100,12058.7421875,274.0
1758394192.1764317,100,12058.7421875,274.0
1758394193.1766508,100,12058.7421875,275.0
1758394194.1770566,100,12058.7421875,275.0
1758394195.1775565,100,12058.7421875,274.0
1758394196.1777701,100,12058.7421875,274.0
1758394197.1783354,100,12058.7421875,274.0
1758394198.1785889,100,12058.7421875,276.0
1758394199.1789227,100,12058.7421875,274.0
1758394200.17926,100,12058.7421875,274.0
1758394201.1794837,100,12058.7421875,274.0
1758394202.1796846,100,12058.7421875,273.0
1758394203.1801903,100,12058.7421875,276.0
1758394204.1806965,100,12058.7421875,275.0
1758394205.1809206,100,12058.7421875,274.0
1758394206.1811385,100,12058.7421875,274.0
1758394207.1813998,100,12058.7421875,272.0
1758394208.1816063,100,12058.7421875,276.0
1758394209.1820362,100,12058.7421875,275.0
1758394210.1823235,100,12058.7421875,274.0
1758394211.18297,100,12058.7421875,274.0
1758394212.1831634,100,12058.7421875,273.0
1758394213.1836567,100,12058.7421875,276.0
1758394214.1840966,100,12058.7421875,274.0
1758394215.1843202,100,12058.7421875,274.0
1758394216.1847334,100,12058.7421875,275.0
1758394217.1849613,100,12058.7421875,274.0
1758394218.1852005,100,12058.7421875,276.0
1758394219.1857963,100,12058.7421875,274.0
1758394220.1861675,100,12058.7421875,274.0
1758394221.186396,100,12058.7421875,274.0
1758394222.1865904,100,12058.7421875,275.0
1758394223.1871655,100,12058.7421875,275.0
1758394224.1877208,100,12058.7421875,273.0
1758394225.188153,100,12058.7421875,274.0
1758394226.1884124,100,12058.7421875,274.0
1758394227.1886423,100,12058.7421875,276.0
1758394228.188951,100,12058.7421875,275.0
1758394229.1891844,100,12058.7421875,274.0
1758394230.1896374,100,12058.7421875,275.0
1758394231.189934,100,12058.7421875,273.0
1758394232.1903589,100,12058.7421875,276.0
1758394233.1906517,100,12058.7421875,274.0
1758394234.190845,100,12058.7421875,274.0
1758394235.1910787,100,12058.7421875,274.0
1758394236.1916802,100,12058.7421875,272.0
1758394237.1919305,100,12058.7421875,276.0
1758394238.1921363,100,12058.7421875,274.0
1758394239.1926274,100,12058.7421875,274.0
1758394240.193198,100,12058.7421875,274.0
1758394241.1934881,100,12058.7421875,273.0
1758394242.1936815,100,12058.7421875,276.0
1758394243.1940029,100,12058.7421875,275.0
1758394244.19422,100,12058.7421875,274.0
1758394245.1944194,100,12058.7421875,275.0
1758394246.1946158,100,12058.7421875,273.0
1758394247.1948164,100,12058.7421875,275.0
1758394248.1950126,100,12058.7421875,274.0
1758394249.1953516,100,12058.7421875,273.0
1758394250.1955643,100,12058.7421875,275.0
1758394251.1957653,100,12058.7421875,275.0
1758394252.196056,100,12058.7421875,275.0
1758394253.1964278,100,12058.7421875,274.0
1758394254.1966412,100,12058.7421875,274.0
1758394255.196897,100,12058.7421875,271.0
1758394256.1972291,100,12058.7421875,275.0
1758394257.197755,99,12058.7421875,276.0
1758394258.19808,100,12058.7421875,274.0
1758394259.1984932,100,12058.7421875,271.0
1758394260.1990392,100,12058.7421875,273.0
1758394261.199237,100,12058.7421875,276.0
1758394262.1994493,100,12058.7421875,274.0
1758394263.1996636,100,12058.7421875,274.0
1758394264.2000914,100,12058.7421875,274.0
1758394265.2003355,100,12058.7421875,273.0
1758394266.2005706,100,12058.7421875,275.0
1758394267.2007651,100,12058.7421875,274.0
1758394268.2009728,100,12058.7421875,274.0
1758394269.2013412,100,12058.7421875,275.0
1758394270.2017004,100,12058.7421875,272.0
1758394271.201907,100,12058.7421875,276.0
1758394272.2021148,100,12058.7421875,275.0
1758394273.2023127,100,12058.7421875,274.0
1758394274.20263,100,12058.7421875,274.0
1758394275.202978,100,12058.7421875,273.0
1758394276.2032983,100,12058.7421875,276.0
1758394277.2034945,100,12058.7421875,274.0
1758394278.2038147,100,12058.7421875,275.0
1758394279.2041328,100,12058.7421875,274.0
1758394280.204345,100,12058.7421875,273.0
1758394281.2047713,100,12058.7421875,275.0
1758394282.2051897,100,12058.7421875,278.0
1758394283.2056131,100,12058.7421875,274.0
1758394284.205777,100,12058.7421875,274.0
1758394285.20603,100,12058.7421875,275.0
1758394286.2063868,100,12058.7421875,275.0
1758394287.2066538,100,12058.7421875,274.0
1758394288.2069752,100,12058.7421875,274.0
