timestamp,utilization_percent,memory_used_mb,power_watts
1758389207.4840522,3,26.671875,27.0
1758389208.4844267,0,26.640625,25.0
1758389209.4848254,0,26.640625,25.0
1758389210.4852424,0,26.640625,25.0
1758389211.4857106,0,26.640625,25.0
1758389212.4868364,0,26.640625,25.0
1758389213.4875321,0,26.640625,25.0
1758389214.4880064,0,26.640625,25.0
1758389215.4888878,0,26.640625,25.0
1758389216.4898498,0,26.640625,25.0
1758389217.4907568,0,26.640625,25.0
1758389218.4918392,0,26.640625,24.0
1758389219.492682,0,26.640625,24.0
1758389220.4932418,0,26.640625,24.0
1758389221.4936347,0,26.640625,24.0
1758389222.4939928,21,1485.60546875,40.0
1758389223.494626,88,8981.015625,244.0
1758389224.4951305,83,11938.7265625,243.0
1758389225.4955175,100,12058.73046875,275.0
1758389226.4962065,100,12058.73046875,274.0
1758389227.4969168,100,12058.73046875,275.0
1758389228.497282,100,12058.73046875,274.0
1758389229.4978504,100,12058.73046875,274.0
1758389230.4981883,100,12058.73046875,275.0
1758389231.4986992,100,12058.73046875,274.0
1758389232.4992383,100,12058.73046875,275.0
1758389233.4996424,100,12058.73046875,274.0
1758389234.5000205,100,12058.73046875,274.0
1758389235.5004983,100,12058.73046875,274.0
1758389236.5010238,100,12058.73046875,275.0
1758389237.5013947,100,12058.73046875,275.0
1758389238.5017765,100,12058.73046875,275.0
1758389239.5024304,100,12058.73046875,274.0
1758389240.5030684,100,12058.73046875,274.0
1758389241.5034132,100,12058.73046875,275.0
1758389242.5039597,100,12058.73046875,275.0
1758389243.5043306,100,12058.73046875,274.0
1758389244.5046935,100,12058.73046875,274.0
1758389245.505235,100,12058.73046875,273.0
1758389246.5058973,100,12058.73046875,276.0
1758389247.5062923,100,12058.73046875,274.0
1758389248.5067098,100,12058.73046875,274.0
1758389249.5071738,100,12058.73046875,274.0
1758389250.507591,100,12058.73046875,273.0
1758389251.5080655,100,12058.73046875,277.0
1758389252.508425,100,12058.73046875,274.0
1758389253.5089529,100,12058.73046875,274.0
1758389254.5092978,100,12058.73046875,274.0
1758389255.5097623,100,12058.73046875,274.0
1758389256.5103233,100,12058.73046875,276.0
1758389257.5107515,100,12058.73046875,274.0
1758389258.5113318,100,12058.73046875,274.0
1758389259.5117757,100,12058.73046875,275.0
1758389260.5121815,100,12058.73046875,274.0
1758389261.5126219,100,12058.73046875,276.0
1758389262.5129836,100,12058.73046875,274.0
1758389263.5133417,100,12058.73046875,274.0
1758389264.513935,100,12058.73046875,274.0
1758389265.5142672,100,12058.73046875,275.0
1758389266.5146065,100,12058.73046875,275.0
1758389267.5149732,100,12058.73046875,274.0
1758389268.5156536,100,12058.73046875,274.0
1758389269.5160573,100,12058.73046875,275.0
1758389270.5164232,100,12058.73046875,275.0
1758389271.5169628,100,12058.73046875,275.0
1758389272.517354,100,12058.73046875,274.0
1758389273.5177336,100,12058.73046875,274.0
1758389274.5180912,100,12058.73046875,275.0
1758389275.5184448,100,12058.73046875,275.0
1758389276.518818,100,12058.73046875,275.0
1758389277.5195246,100,12058.73046875,274.0
1758389278.5198863,100,12058.73046875,274.0
1758389279.5205314,100,12058.73046875,273.0
1758389280.520895,100,12058.73046875,276.0
1758389281.521253,100,12058.73046875,274.0
1758389282.5216932,100,12058.73046875,274.0
1758389283.522037,100,12058.73046875,274.0
1758389284.5225694,100,12058.73046875,273.0
1758389285.5229778,100,12058.73046875,276.0
1758389286.5233212,100,12058.73046875,274.0
1758389287.5239656,100,12058.73046875,274.0
1758389288.524381,100,12058.73046875,275.0
1758389289.524943,100,12058.73046875,274.0
1758389290.5253177,100,12058.73046875,276.0
1758389291.5256488,100,12058.73046875,274.0
1758389292.526317,100,12058.73046875,274.0
1758389293.5267835,100,12058.73046875,275.0
1758389294.527298,100,12058.73046875,274.0
1758389295.5276306,100,12058.73046875,276.0
1758389296.528006,100,12058.73046875,274.0
1758389297.5286758,100,12058.73046875,274.0
1758389298.529102,100,12058.73046875,275.0
1758389299.5296311,100,12058.73046875,274.0
1758389300.5299907,100,12058.73046875,275.0
1758389301.530578,100,12058.73046875,274.0
1758389302.530991,100,12058.73046875,274.0
1758389303.531358,100,12058.73046875,275.0
1758389304.5317218,100,12058.73046875,275.0
1758389305.5321083,100,12058.73046875,275.0
1758389306.5327342,100,12058.73046875,274.0
1758389307.5332806,100,12058.73046875,274.0
1758389308.5336392,100,12058.73046875,274.0
1758389309.5340025,100,12058.73046875,276.0
1758389310.5346262,100,12058.73046875,274.0
1758389311.535199,100,12058.73046875,274.0
1758389312.5357726,100,12058.73046875,274.0
1758389313.5361857,100,12058.73046875,273.0
1758389314.5365832,100,12058.73046875,276.0
1758389315.5372105,100,12058.73046875,275.0
1758389316.5375857,100,12058.73046875,274.0
1758389317.5380704,100,12058.73046875,274.0
1758389318.5384235,100,12058.73046875,273.0
1758389319.53879,100,12058.73046875,276.0
1758389320.5391662,100,12058.73046875,274.0
1758389321.5397522,100,12058.73046875,274.0
1758389322.5402343,100,12058.73046875,275.0
1758389323.540906,100,12058.73046875,273.0
1758389324.5414228,100,12058.73046875,276.0
1758389325.541755,100,12058.73046875,274.0
1758389326.5422704,100,12058.73046875,274.0
1758389327.5427322,100,12058.73046875,275.0
1758389328.5432782,100,12058.73046875,274.0
1758389329.5436718,100,12058.73046875,275.0
1758389330.5441055,100,12058.73046875,274.0
1758389331.5447323,100,12058.73046875,275.0
1758389332.5450943,100,12058.73046875,275.0
1758389333.5457723,100,12058.73046875,275.0
1758389334.5463102,100,12058.73046875,275.0
1758389335.547019,100,12058.73046875,274.0
1758389336.5473804,100,12058.73046875,274.0
1758389337.5482042,100,12058.73046875,274.0
1758389338.5485637,100,12058.73046875,276.0
1758389339.5491598,100,12058.73046875,274.0
1758389340.549621,100,12058.73046875,274.0
1758389341.550011,100,12058.73046875,274.0
1758389342.5504708,100,12058.73046875,273.0
1758389343.5511024,100,12058.73046875,276.0
1758389344.5517704,100,12058.73046875,275.0
1758389345.5521972,100,12058.73046875,274.0
1758389346.5526216,100,12058.73046875,274.0
1758389347.5530488,100,12058.73046875,274.0
1758389348.5535672,100,12058.73046875,276.0
1758389349.55391,100,12058.73046875,274.0
1758389350.5546646,100,12058.73046875,274.0
1758389351.5552812,100,12058.73046875,274.0
1758389352.55565,100,12058.73046875,273.0
1758389353.5562122,100,12058.73046875,276.0
1758389354.5565813,100,12058.73046875,274.0
1758389355.5569391,100,12058.73046875,275.0
1758389356.5575979,100,12058.73046875,274.0
1758389357.558222,100,12058.73046875,275.0
1758389358.5588086,100,12058.73046875,275.0
1758389359.5593162,100,12058.73046875,274.0
1758389360.559878,100,12058.73046875,274.0
1758389361.560577,100,12058.73046875,275.0
1758389362.5609958,100,12058.73046875,275.0
1758389363.5612204,100,12058.73046875,275.0
1758389364.5615883,100,12058.73046875,274.0
1758389365.561952,100,12058.73046875,274.0
1758389366.5625703,100,12058.73046875,274.0
1758389367.5632317,100,12058.73046875,276.0
1758389368.5636606,100,12058.73046875,274.0
1758389369.5640943,100,12058.73046875,274.0
1758389370.5645027,100,12058.73046875,275.0
1758389371.565108,100,12058.73046875,274.0
1758389372.5654776,100,12058.73046875,276.0
1758389373.5659108,100,12058.73046875,274.0
1758389374.5662818,100,12058.73046875,274.0
1758389375.5669637,100,12058.73046875,275.0
1758389376.567721,100,12058.73046875,273.0
1758389377.5681157,100,12058.73046875,276.0
1758389378.5686162,100,12058.73046875,274.0
1758389379.5689492,100,12058.73046875,274.0
1758389380.5694635,100,12058.73046875,274.0
1758389381.5698798,100,12058.73046875,274.0
1758389382.570214,100,12058.73046875,276.0
1758389383.5705552,100,12058.73046875,274.0
1758389384.5709133,100,12058.73046875,275.0
1758389385.5713146,100,12058.73046875,275.0
1758389386.5718663,100,12058.73046875,275.0
1758389387.5722432,100,12058.73046875,275.0
1758389388.5726058,100,12058.73046875,274.0
1758389389.573235,100,12058.73046875,274.0
1758389390.5735664,100,12058.73046875,275.0
1758389391.5741568,100,12058.73046875,275.0
1758389392.574793,100,12058.73046875,275.0
1758389393.5753994,100,12058.73046875,274.0
1758389394.5757797,100,12058.73046875,274.0
1758389395.5761573,100,12058.73046875,273.0
1758389396.5765874,100,12058.73046875,276.0
1758389397.5769255,100,12058.73046875,274.0
1758389398.5773265,100,12058.73046875,274.0
1758389399.5777507,100,12058.73046875,274.0
1758389400.5781484,100,12058.73046875,273.0
1758389401.5787256,100,12058.73046875,276.0
1758389402.5792673,100,12058.73046875,275.0
1758389403.5799656,100,12058.73046875,274.0
1758389404.580546,100,12058.73046875,274.0
1758389405.5811281,100,12058.73046875,273.0
1758389406.58157,100,12058.73046875,276.0
1758389407.5819132,100,12058.73046875,274.0
1758389408.5822952,100,12058.73046875,274.0
1758389409.5828488,100,12058.73046875,275.0
1758389410.5831985,100,12058.73046875,274.0
1758389411.5835633,100,12058.73046875,276.0
1758389412.5839608,100,12058.73046875,274.0
1758389413.5845072,100,12058.73046875,274.0
1758389414.5850875,100,12058.73046875,275.0
1758389415.5855985,100,12058.73046875,275.0
1758389416.5859559,100,12058.73046875,275.0
1758389417.586328,100,12058.73046875,274.0
1758389418.5867388,100,12058.73046875,274.0
1758389419.5872211,100,12058.73046875,275.0
1758389420.5877414,100,12058.73046875,275.0
1758389421.5881703,100,12058.73046875,275.0
1758389422.5885572,100,12058.73046875,274.0
1758389423.5889025,100,12058.73046875,274.0
1758389424.5896096,100,12058.73046875,274.0
1758389425.5903916,100,12058.73046875,275.0
1758389426.5907245,100,12058.73046875,274.0
1758389427.5910726,100,12058.73046875,274.0
1758389428.5916274,100,12058.73046875,275.0
1758389429.5919752,100,12058.73046875,274.0
1758389430.5924275,100,12058.73046875,276.0
1758389431.5927877,100,12058.73046875,275.0
1758389432.593384,100,12058.73046875,274.0
1758389433.5937476,100,12058.73046875,274.0
1758389434.5941362,100,12058.73046875,273.0
1758389435.5945823,100,12058.73046875,277.0
1758389436.5950866,100,12058.73046875,274.0
1758389437.595562,100,12058.73046875,274.0
1758389438.5959454,100,12058.73046875,275.0
1758389439.5964987,100,12058.73046875,274.0
1758389440.5968587,100,12058.73046875,276.0
1758389441.5972154,100,12058.73046875,274.0
1758389442.5977366,100,12058.73046875,274.0
1758389443.5982113,100,12058.73046875,275.0
1758389444.5985777,100,12058.73046875,275.0
1758389445.5990305,100,12058.73046875,275.0
1758389446.599479,100,12058.73046875,273.0
1758389447.600022,100,12058.73046875,274.0
1758389448.600554,100,12058.73046875,275.0
1758389449.6013625,100,12058.73046875,275.0
1758389450.6017537,100,12058.73046875,275.0
1758389451.6021569,100,12058.73046875,274.0
1758389452.602844,100,12058.73046875,274.0
1758389453.6032603,100,12058.73046875,274.0
1758389454.6036065,100,12058.73046875,276.0
1758389455.6041243,100,12058.73046875,275.0
1758389456.604657,100,12058.73046875,274.0
1758389457.605338,100,12058.73046875,274.0
1758389458.6057093,100,12058.73046875,273.0
1758389459.6062064,100,12058.73046875,276.0
1758389460.6067774,100,12058.73046875,274.0
1758389461.6071584,100,12058.73046875,275.0
1758389462.6079345,100,12058.73046875,274.0
1758389463.6085167,100,12058.73046875,273.0
1758389464.6092048,100,12058.73046875,276.0
1758389465.6098297,100,12058.73046875,274.0
1758389466.6102605,100,12058.73046875,274.0
1758389467.6106656,100,12058.73046875,275.0
1758389468.6110234,100,12058.73046875,274.0
1758389469.6113827,100,12058.73046875,276.0
1758389470.6118138,100,12058.73046875,274.0
1758389471.612402,100,12058.73046875,274.0
1758389472.6128185,100,12058.73046875,275.0
1758389473.6133573,100,12058.73046875,275.0
1758389474.6137178,100,12058.73046875,275.0
1758389475.6140785,100,12058.73046875,274.0
1758389476.6144865,100,12058.73046875,274.0
1758389477.6149943,100,12058.73046875,274.0
1758389478.6153362,100,12058.73046875,275.0
1758389479.615903,100,12058.73046875,275.0
1758389480.6165497,100,12058.73046875,274.0
1758389481.6169155,100,12058.73046875,274.0
1758389482.6174805,100,12058.73046875,274.0
1758389483.6179738,100,12058.73046875,275.0
1758389484.6187437,100,12058.73046875,275.0
1758389485.6191938,100,12058.73046875,274.0
1758389486.6198328,100,12058.73046875,274.0
1758389487.620562,100,12058.73046875,273.0
1758389488.620916,100,12058.73046875,276.0
1758389489.621341,100,12058.73046875,274.0
1758389490.6219423,100,12058.73046875,274.0
1758389491.6227043,100,12058.73046875,274.0
1758389492.6233823,100,12058.73046875,273.0
1758389493.6238213,100,12058.73046875,277.0
1758389494.6243002,100,12058.73046875,274.0
1758389495.6247728,100,12058.73046875,274.0
1758389496.6251736,100,12058.73046875,274.0
1758389497.625737,100,12058.73046875,274.0
1758389498.6261582,100,12058.73046875,276.0
1758389499.6265278,100,12058.73046875,274.0
1758389500.6270328,100,12058.73046875,274.0
1758389501.6274517,100,12058.73046875,275.0
1758389502.6278036,100,12058.73046875,274.0
1758389503.6281888,100,12058.73046875,275.0
1758389504.6287043,100,12058.73046875,274.0
1758389505.6290755,100,12058.73046875,275.0
1758389506.629408,100,12058.73046875,274.0
1758389507.6298244,100,12058.73046875,275.0
1758389508.6302245,100,12058.73046875,275.0
1758389509.6306396,100,12058.73046875,274.0
1758389510.6309736,100,12058.73046875,275.0
1758389511.6313162,100,12058.73046875,274.0
1758389512.6318488,100,12058.73046875,275.0
1758389513.6325023,100,12058.73046875,275.0
1758389514.6330092,100,12058.73046875,274.0
1758389515.6334398,100,12058.73046875,274.0
1758389516.6342287,100,12058.73046875,273.0
1758389517.6348248,100,12058.73046875,276.0
1758389518.635426,100,12058.73046875,274.0
1758389519.6357596,100,12058.73046875,274.0
1758389520.6361368,100,12058.73046875,274.0
1758389521.6367536,100,12058.73046875,273.0
1758389522.6373131,100,12058.73046875,276.0
1758389523.6378615,100,12058.73046875,274.0
1758389524.6385257,100,12058.73046875,274.0
1758389525.639083,100,12058.73046875,275.0
1758389526.6394212,100,12058.73046875,273.0
1758389527.639772,100,12058.73046875,275.0
1758389528.6403177,100,12058.73046875,274.0
1758389529.6407707,100,12058.73046875,274.0
1758389530.6413112,100,12058.73046875,275.0
1758389531.641706,100,12058.73046875,275.0
1758389532.6422763,100,12058.73046875,275.0
1758389533.6426215,100,12058.73046875,274.0
1758389534.643247,100,12058.73046875,275.0
1758389535.6436183,100,12058.73046875,274.0
1758389536.643984,100,12058.73046875,275.0
1758389537.6442692,100,12058.73046875,275.0
1758389538.6446548,100,12058.73046875,274.0
1758389539.6450014,100,12058.73046875,274.0
1758389540.6453662,100,12058.73046875,274.0
1758389541.645954,100,12058.73046875,276.0
1758389542.6463232,100,12058.73046875,275.0
1758389543.646982,100,12058.73046875,274.0
1758389544.647362,100,12058.73046875,274.0
1758389545.6477313,100,12058.73046875,274.0
1758389546.6481829,100,12058.73046875,276.0
1758389547.6485252,100,12058.73046875,274.0
1758389548.648886,100,12058.73046875,274.0
1758389549.6495762,100,12058.73046875,274.0
1758389550.650258,100,12058.73046875,274.0
1758389551.6506438,100,12058.73046875,276.0
1758389552.651222,100,12058.73046875,274.0
1758389553.6515803,100,12058.73046875,274.0
1758389554.6520648,100,12058.73046875,275.0
1758389555.6525126,100,12058.73046875,274.0
1758389556.6531,100,12058.73046875,276.0
1758389557.653794,100,12058.73046875,274.0
1758389558.6541605,100,12058.73046875,274.0
1758389559.654529,100,12058.73046875,275.0
1758389560.6549504,100,12058.73046875,275.0
1758389561.655391,100,12058.73046875,275.0
1758389562.6562035,100,12058.73046875,274.0
1758389563.656747,100,12058.73046875,274.0
1758389564.6572547,100,12058.73046875,275.0
1758389565.6576793,100,12058.73046875,275.0
1758389566.658387,100,12058.73046875,275.0
1758389567.6589334,100,12058.73046875,274.0
1758389568.6593275,100,12058.73046875,274.0
1758389569.6597486,100,12058.73046875,274.0
1758389570.660301,100,12058.73046875,276.0
1758389571.6608717,100,12058.73046875,274.0
1758389572.6612728,100,12058.73046875,274.0
1758389573.6616824,100,12058.73046875,274.0
1758389574.662438,100,12058.73046875,274.0
1758389575.6629221,100,12058.73046875,276.0
1758389576.663274,100,12058.73046875,275.0
1758389577.663767,100,12058.73046875,274.0
1758389578.6641526,100,12058.73046875,274.0
1758389579.664518,100,12058.73046875,273.0
1758389580.6649704,100,12058.73046875,276.0
1758389581.665331,100,12058.73046875,274.0
1758389582.6660326,100,12058.73046875,274.0
1758389583.6665587,100,12058.73046875,275.0
1758389584.6671124,100,12058.73046875,274.0
1758389585.6675014,100,12058.73046875,276.0
1758389586.6679268,100,12058.73046875,274.0
1758389587.6685543,100,12058.73046875,274.0
1758389588.6689088,100,12058.73046875,275.0
1758389589.66948,100,12058.73046875,275.0
1758389590.6702075,100,12058.73046875,275.0
1758389591.6707041,100,12058.73046875,273.0
1758389592.6710606,100,12058.73046875,274.0
1758389593.6714213,100,12058.73046875,274.0
1758389594.6718254,100,12058.73046875,275.0
1758389595.672696,100,12058.73046875,275.0
1758389596.6731195,100,12058.73046875,274.0
1758389597.6735969,100,12058.73046875,274.0
1758389598.6741138,100,12058.73046875,274.0
1758389599.6745338,100,12058.73046875,276.0
1758389600.674892,100,12058.73046875,274.0
1758389601.675267,100,12058.73046875,274.0
1758389602.6758122,100,12058.73046875,275.0
1758389603.676204,100,12058.73046875,273.0
1758389604.6767757,100,12058.73046875,276.0
1758389605.6772308,100,12058.73046875,275.0
1758389606.6776435,100,12058.73046875,274.0
1758389607.6782484,100,12058.73046875,275.0
1758389608.6786284,100,12058.73046875,273.0
1758389609.6790018,100,12058.73046875,276.0
1758389610.6795928,100,12058.73046875,274.0
1758389611.6801472,100,12058.73046875,275.0
1758389612.6806974,100,12058.73046875,274.0
1758389613.681077,100,12058.73046875,273.0
1758389614.6816568,100,12058.73046875,276.0
1758389615.682186,100,12058.73046875,274.0
1758389616.6827471,100,12058.73046875,274.0
1758389617.6830976,100,12058.73046875,275.0
1758389618.6837137,100,12058.73046875,274.0
1758389619.684128,100,12058.73046875,275.0
1758389620.6845381,100,12058.73046875,274.0
1758389621.6849859,100,12058.73046875,275.0
1758389622.6856458,100,12058.73046875,275.0
1758389623.6863205,100,12058.73046875,275.0
1758389624.6867435,100,12058.73046875,275.0
1758389625.6871328,100,12058.73046875,274.0
1758389626.6875725,100,12058.73046875,274.0
1758389627.6879764,100,12058.73046875,274.0
1758389628.6884308,100,12058.73046875,276.0
1758389629.6891985,100,12058.73046875,274.0
1758389630.689565,100,12058.73046875,274.0
1758389631.6900766,100,12058.73046875,274.0
1758389632.6904466,100,12058.73046875,273.0
1758389633.6908908,100,12058.73046875,276.0
1758389634.6913528,100,12058.73046875,275.0
1758389635.6917171,100,12058.73046875,274.0
1758389636.692261,100,12058.73046875,275.0
1758389637.6925952,100,12058.73046875,273.0
1758389638.6931546,100,12058.73046875,276.0
1758389639.6936917,100,12058.73046875,274.0
1758389640.6941333,100,12058.73046875,275.0
1758389641.6945066,100,12058.73046875,274.0
1758389642.6950939,100,12058.73046875,273.0
1758389643.695608,100,12058.73046875,276.0
1758389644.6960955,100,12058.73046875,274.0
1758389645.6964672,100,12058.73046875,274.0
1758389646.6968808,100,12058.73046875,275.0
1758389647.6978343,100,12058.73046875,274.0
1758389648.6982012,100,12058.73046875,275.0
1758389649.6986225,100,12058.73046875,274.0
1758389650.6991036,100,12058.73046875,274.0
1758389651.699436,100,12058.73046875,274.0
1758389652.6999388,100,12058.73046875,275.0
1758389653.7003539,100,12058.73046875,275.0
1758389654.7009103,100,12058.73046875,274.0
1758389655.701455,100,12058.73046875,275.0
1758389656.7018073,100,12058.73046875,274.0
1758389657.7021682,100,12058.73046875,275.0
1758389658.7027245,100,12058.73046875,274.0
1758389659.7030847,100,12058.73046875,275.0
1758389660.7034357,100,12058.73046875,274.0
1758389661.7042625,100,12058.73046875,273.0
1758389662.704742,100,12058.73046875,276.0
1758389663.7055678,100,12058.73046875,274.0
1758389664.706134,100,12058.73046875,275.0
1758389665.706531,100,12058.73046875,274.0
1758389666.7072265,100,12058.73046875,273.0
1758389667.7077568,100,12058.73046875,276.0
1758389668.7081356,100,12058.73046875,274.0
1758389669.7086167,100,12058.73046875,274.0
1758389670.7089474,100,12058.73046875,274.0
1758389671.7094476,100,12058.73046875,274.0
1758389672.7098973,100,12058.73046875,276.0
1758389673.7104661,100,12058.73046875,274.0
1758389674.7110431,100,12058.73046875,274.0
1758389675.7113817,100,12058.73046875,275.0
1758389676.7117345,100,12058.73046875,275.0
1758389677.71222,100,12058.73046875,275.0
1758389678.7125566,100,12058.73046875,274.0
1758389679.7130568,100,12058.73046875,274.0
1758389680.713493,100,12058.73046875,274.0
1758389681.713837,100,12058.73046875,275.0
1758389682.7143488,100,12058.73046875,275.0
1758389683.7149007,100,12058.73046875,274.0
1758389684.7152948,100,12058.73046875,274.0
1758389685.7158256,100,12058.73046875,273.0
1758389686.7161956,100,12058.73046875,276.0
1758389687.7167897,100,12058.73046875,275.0
1758389688.7172089,100,12058.73046875,274.0
1758389689.7179449,100,12058.73046875,274.0
1758389690.7182949,100,12058.73046875,273.0
1758389691.7186382,100,12058.73046875,276.0
1758389692.718997,100,12058.73046875,274.0
1758389693.7193656,100,12058.73046875,274.0
1758389694.7197552,100,12058.73046875,275.0
1758389695.7202075,100,12058.73046875,273.0
1758389696.7209115,100,12058.73046875,276.0
1758389697.7215304,100,12058.73046875,274.0
1758389698.7219882,100,12058.73046875,274.0
1758389699.7224004,100,12058.73046875,275.0
1758389700.7230668,100,12058.73046875,274.0
1758389701.7234983,100,12058.73046875,276.0
1758389702.723889,100,12058.73046875,274.0
1758389703.724442,100,12058.73046875,275.0
1758389704.7248003,100,12058.73046875,275.0
1758389705.725309,100,12058.73046875,274.0
1758389706.7256403,100,12058.73046875,275.0
1758389707.7262146,100,12058.73046875,274.0
1758389708.7268186,100,12058.73046875,274.0
1758389709.7273211,100,12058.73046875,274.0
1758389710.7277694,100,12058.73046875,276.0
1758389711.7283428,100,12058.73046875,275.0
1758389712.7287219,100,12058.73046875,274.0
1758389713.7290924,100,12058.73046875,274.0
1758389714.729462,100,12058.73046875,273.0
1758389715.729863,100,12058.73046875,276.0
1758389716.7302163,100,12058.73046875,275.0
1758389717.730572,100,12058.73046875,274.0
1758389718.7309308,100,12058.73046875,274.0
1758389719.7314823,100,12058.73046875,273.0
1758389720.7318487,100,12058.73046875,276.0
1758389721.732205,100,12058.73046875,274.0
1758389722.73274,100,12058.73046875,274.0
1758389723.733146,100,12058.73046875,274.0
1758389724.7335193,100,12058.73046875,273.0
1758389725.7338796,100,12058.73046875,277.0
1758389726.7342765,100,12058.73046875,274.0
1758389727.7348552,100,12058.73046875,274.0
1758389728.7353995,100,12058.73046875,275.0
1758389729.73604,100,12058.73046875,274.0
1758389730.7367566,100,12058.73046875,275.0
1758389731.7372503,100,12058.73046875,274.0
1758389732.737619,100,12058.73046875,274.0
1758389733.7382936,100,12058.73046875,275.0
1758389734.738658,100,12058.73046875,274.0
1758389735.7392128,100,12058.73046875,275.0
1758389736.7398877,100,12058.73046875,274.0
1758389737.7404504,100,12058.73046875,274.0
1758389738.7408419,100,12058.73046875,274.0
1758389739.7412617,100,12058.73046875,276.0
1758389740.742334,100,12058.73046875,274.0
1758389741.7427053,100,12058.73046875,275.0
1758389742.7430732,100,12058.73046875,274.0
1758389743.7436707,100,12058.73046875,273.0
1758389744.7440522,100,12058.73046875,276.0
1758389745.744574,100,12058.73046875,274.0
1758389746.74512,100,12058.73046875,274.0
1758389747.7456136,100,12058.73046875,275.0
1758389748.7460272,100,12058.73046875,273.0
1758389749.7465708,100,12058.73046875,276.0
1758389750.7469335,100,12058.73046875,274.0
1758389751.7473278,100,12058.73046875,274.0
1758389752.7478733,100,12058.73046875,275.0
1758389753.7482529,100,12058.73046875,273.0
1758389754.7486143,100,12058.73046875,276.0
1758389755.7490194,100,12058.73046875,274.0
1758389756.7497995,100,12058.73046875,274.0
1758389757.750269,100,12058.73046875,274.0
1758389758.7506926,100,12058.73046875,275.0
1758389759.7510617,100,12058.73046875,275.0
1758389760.7516284,100,12058.73046875,274.0
1758389761.7520573,100,12058.73046875,274.0
1758389762.7524662,100,12058.73046875,275.0
1758389763.7528875,100,12058.73046875,275.0
1758389764.7535908,100,12058.73046875,275.0
1758389765.7541182,100,12058.73046875,274.0
1758389766.7546732,100,12058.73046875,274.0
1758389767.755541,100,12058.73046875,274.0
1758389768.7559078,100,12058.73046875,276.0
1758389769.756554,100,12058.73046875,275.0
1758389770.7569509,100,12058.73046875,274.0
1758389771.7573512,100,12058.73046875,274.0
1758389772.7577171,100,12058.73046875,274.0
1758389773.7582707,100,12058.73046875,276.0
1758389774.7587636,100,12058.73046875,275.0
1758389775.7594101,100,12058.73046875,274.0
1758389776.759775,100,12058.73046875,274.0
1758389777.7603147,100,12058.73046875,274.0
1758389778.760781,100,12058.73046875,276.0
1758389779.7614148,100,12058.73046875,274.0
1758389780.761829,100,12058.73046875,274.0
1758389781.7623909,100,12058.73046875,274.0
1758389782.7627807,100,12058.73046875,273.0
1758389783.7631104,100,12058.73046875,276.0
1758389784.7635057,100,12058.73046875,274.0
1758389785.763922,100,12058.73046875,274.0
1758389786.7643468,100,12058.73046875,275.0
1758389787.764993,100,12058.73046875,274.0
1758389788.7656195,100,12058.73046875,275.0
1758389789.7659647,100,12058.73046875,274.0
1758389790.7662973,100,12058.73046875,275.0
1758389791.766712,100,12058.73046875,274.0
1758389792.7673955,100,12058.73046875,274.0
1758389793.7677715,100,12058.73046875,275.0
1758389794.7683706,100,12058.73046875,274.0
1758389795.7687392,100,12058.73046875,274.0
1758389796.7692378,100,12058.73046875,274.0
1758389797.7696025,100,12058.73046875,276.0
1758389798.769968,100,12058.73046875,274.0
1758389799.7704895,100,12058.73046875,275.0
1758389800.7709174,100,12058.73046875,274.0
1758389801.77132,100,12058.73046875,274.0
1758389802.7716825,100,12058.73046875,276.0
1758389803.772158,100,12058.73046875,274.0
1758389804.7725296,100,12058.73046875,275.0
1758389805.7731493,100,12058.73046875,275.0
1758389806.773811,100,12058.73046875,274.0
1758389807.7744825,100,12058.73046875,275.0
1758389808.7750423,100,12058.73046875,274.0
1758389809.7754712,100,12058.73046875,275.0
1758389810.7758398,100,12058.73046875,274.0
1758389811.776206,100,12058.73046875,273.0
1758389812.776603,100,12058.73046875,276.0
1758389813.776997,100,12058.73046875,274.0
1758389814.777682,100,12058.73046875,274.0
1758389815.778287,100,12058.73046875,275.0
1758389816.778639,100,12058.73046875,274.0
1758389817.7790978,100,12058.73046875,275.0
1758389818.77944,100,12058.73046875,274.0
1758389819.7797801,100,12058.73046875,274.0
1758389820.780219,100,12058.73046875,275.0
1758389821.780621,100,12058.73046875,275.0
1758389822.7811425,100,12058.73046875,275.0
1758389823.7815094,100,12058.73046875,274.0
1758389824.7822902,100,12058.73046875,274.0
1758389825.782721,100,12058.73046875,274.0
1758389826.7831445,100,12058.73046875,275.0
1758389827.783511,100,12058.73046875,275.0
1758389828.7838752,100,12058.73046875,274.0
1758389829.7845101,100,12058.73046875,274.0
1758389830.784941,100,12058.73046875,273.0
1758389831.7855067,100,12058.73046875,276.0
1758389832.7858777,100,12058.73046875,274.0
1758389833.7862482,100,12058.73046875,274.0
1758389834.786756,100,12058.73046875,275.0
1758389835.7871509,100,12058.73046875,273.0
1758389836.7875175,100,12058.73046875,276.0
1758389837.7880216,100,12058.73046875,274.0
1758389838.788573,100,12058.73046875,275.0
1758389839.7891772,100,12058.73046875,274.0
1758389840.789542,100,12058.73046875,273.0
1758389841.7898958,100,12058.73046875,276.0
1758389842.790388,100,12058.73046875,275.0
1758389843.790819,100,12058.73046875,274.0
1758389844.7913964,100,12058.73046875,275.0
1758389845.7920244,100,12058.73046875,274.0
1758389846.792692,100,12058.73046875,275.0
1758389847.7933576,100,12058.73046875,274.0
1758389848.793768,100,12058.73046875,274.0
1758389849.7941673,100,12058.73046875,275.0
1758389850.7945242,100,12058.73046875,275.0
1758389851.7951193,100,12058.73046875,275.0
1758389852.7958643,100,12058.73046875,273.0
1758389853.7962232,100,12058.73046875,275.0
1758389854.796702,100,12058.73046875,274.0
1758389855.7972484,100,12058.73046875,275.0
1758389856.7976453,100,12058.73046875,274.0
1758389857.7983582,100,12058.73046875,274.0
1758389858.7988977,100,12058.73046875,274.0
1758389859.7993004,100,12058.73046875,274.0
1758389860.7996528,100,12058.73046875,276.0
1758389861.8000202,100,12058.73046875,274.0
1758389862.800549,100,12058.73046875,274.0
1758389863.8009198,100,12058.73046875,274.0
1758389864.801401,100,12058.73046875,274.0
1758389865.801771,100,12058.73046875,276.0
1758389866.802134,100,12058.73046875,274.0
1758389867.8025568,100,12058.73046875,275.0
1758389868.8030944,100,12058.73046875,274.0
1758389869.8034453,100,12058.73046875,273.0
1758389870.8038266,100,12058.73046875,277.0
1758389871.8042579,100,12058.73046875,274.0
1758389872.8046484,100,12058.73046875,274.0
1758389873.8050404,100,12058.73046875,275.0
1758389874.805409,100,12058.73046875,274.0
1758389875.8058288,100,12058.73046875,275.0
1758389876.8061962,100,12058.73046875,274.0
1758389877.806667,100,12058.73046875,274.0
1758389878.8070319,100,12058.73046875,275.0
1758389879.8073928,100,12058.73046875,274.0
1758389880.8077571,100,12058.73046875,275.0
1758389881.8082263,100,12058.73046875,274.0
1758389882.8087735,100,12058.73046875,274.0
1758389883.809105,100,12058.73046875,275.0
1758389884.809742,100,12058.73046875,275.0
1758389885.8101282,100,12058.73046875,275.0
1758389886.8107152,100,12058.73046875,274.0
1758389887.811541,100,12058.73046875,274.0
1758389888.8123085,100,12058.73046875,273.0
1758389889.8126915,100,12058.73046875,276.0
1758389890.8130746,100,12058.73046875,275.0
1758389891.8134422,100,12058.73046875,274.0
1758389892.8139782,100,12058.73046875,275.0
1758389893.8144166,100,12058.73046875,272.0
1758389894.8147829,100,12058.73046875,277.0
1758389895.815154,100,12058.73046875,275.0
1758389896.8158195,100,12058.73046875,274.0
1758389897.8164327,100,12058.73046875,274.0
1758389898.8167608,100,12058.73046875,273.0
1758389899.8171272,100,12058.73046875,276.0
1758389900.817497,100,12058.73046875,274.0
1758389901.8182156,100,12058.73046875,275.0
1758389902.8186898,100,12058.73046875,274.0
1758389903.8191195,100,12058.73046875,274.0
1758389904.8194928,100,12058.73046875,276.0
1758389905.819987,100,12058.73046875,274.0
1758389906.8204045,100,12058.73046875,274.0
1758389907.8208325,100,12058.73046875,275.0
1758389908.821371,100,12058.73046875,274.0
1758389909.8217447,100,12058.73046875,275.0
1758389910.8225474,100,12058.73046875,274.0
1758389911.8229005,100,12058.73046875,275.0
1758389912.8235526,100,12058.73046875,274.0
1758389913.823975,100,12058.73046875,275.0
1758389914.824588,100,12058.73046875,275.0
1758389915.8250942,100,12058.73046875,274.0
1758389916.8254933,100,12058.73046875,274.0
1758389917.826046,100,12058.73046875,274.0
1758389918.826473,100,12058.73046875,276.0
1758389919.8268561,100,12058.73046875,274.0
1758389920.827203,100,12058.73046875,274.0
1758389921.8276021,100,12058.73046875,274.0
1758389922.8280041,100,12058.73046875,274.0
1758389923.828689,100,12058.73046875,276.0
1758389924.829215,100,12058.73046875,274.0
1758389925.829739,100,12058.73046875,275.0
1758389926.8303046,100,12058.73046875,274.0
1758389927.8308902,100,12058.73046875,273.0
1758389928.8313038,100,12058.73046875,276.0
1758389929.8317053,100,12058.73046875,274.0
1758389930.8323474,100,12058.73046875,275.0
1758389931.8327138,100,12058.73046875,274.0
1758389932.8331096,100,12058.73046875,273.0
1758389933.8335152,100,12058.73046875,276.0
1758389934.8340535,100,12058.73046875,274.0
1758389935.8344874,100,12058.73046875,274.0
1758389936.835265,100,12058.73046875,275.0
1758389937.8357418,100,12058.73046875,274.0
1758389938.8361819,100,12058.73046875,275.0
1758389939.836702,100,12058.73046875,273.0
1758389940.837217,100,12058.73046875,275.0
1758389941.837797,100,12058.73046875,275.0
1758389942.8383439,100,12058.73046875,275.0
1758389943.8386874,100,12058.73046875,275.0
1758389944.8391786,100,12058.73046875,274.0
1758389945.839621,100,12058.73046875,275.0
1758389946.8399885,100,12058.73046875,273.0
1758389947.8405266,100,12058.73046875,276.0
1758389948.8408756,100,12058.73046875,275.0
1758389949.8412504,100,12058.73046875,274.0
1758389950.8417892,100,12058.73046875,274.0
1758389951.8424623,100,12058.73046875,273.0
1758389952.8428288,100,12058.73046875,276.0
1758389953.8433096,100,12058.73046875,274.0
1758389954.8437426,100,12058.73046875,275.0
1758389955.8443222,100,12058.73046875,274.0
1758389956.8448768,100,12058.73046875,274.0
1758389957.8454087,100,12058.73046875,276.0
1758389958.8457713,100,12058.73046875,275.0
1758389959.8462772,100,12058.73046875,274.0
1758389960.846747,100,12058.73046875,275.0
1758389961.8471215,100,12058.73046875,273.0
1758389962.8476577,100,12058.73046875,276.0
1758389963.8483677,100,12058.73046875,274.0
1758389964.8487432,100,12058.73046875,274.0
1758389965.849665,100,12058.73046875,275.0
1758389966.8502302,100,12058.73046875,274.0
1758389967.8507988,100,12058.73046875,275.0
1758389968.8513777,100,12058.73046875,274.0
1758389969.8517447,100,12058.73046875,274.0
1758389970.8521428,100,12058.73046875,275.0
1758389971.852662,100,12058.73046875,275.0
1758389972.8530197,100,12058.73046875,275.0
1758389973.853369,100,12058.73046875,274.0
1758389974.8537278,100,12058.73046875,275.0
1758389975.8541222,100,12058.73046875,274.0
1758389976.8546948,100,12058.73046875,276.0
1758389977.855124,100,12058.73046875,274.0
1758389978.8556142,100,12058.73046875,274.0
1758389979.8559692,100,12058.73046875,274.0
1758389980.8564534,100,12058.73046875,273.0
1758389981.8570235,100,12058.73046875,276.0
1758389982.8576005,100,12058.73046875,274.0
1758389983.8582106,100,12058.73046875,274.0
1758389984.8586965,100,12058.73046875,275.0
1758389985.8592446,100,12058.73046875,274.0
1758389986.8596103,100,12058.73046875,276.0
1758389987.8600707,100,12058.73046875,274.0
1758389988.8605125,100,12058.73046875,274.0
1758389989.8608692,100,12058.73046875,274.0
1758389990.861239,100,12058.73046875,273.0
1758389991.8617747,100,12058.73046875,277.0
1758389992.862145,100,12058.73046875,274.0
1758389993.8625958,100,12058.73046875,274.0
1758389994.863277,100,12058.73046875,275.0
1758389995.863633,100,12058.73046875,274.0
1758389996.8643844,100,12058.73046875,275.0
1758389997.8647435,100,12058.73046875,274.0
1758389998.8653517,100,12058.73046875,274.0
1758389999.8657556,100,12058.73046875,274.0
1758390000.866288,100,12058.73046875,275.0
1758390001.8666594,100,12058.73046875,275.0
1758390002.8672457,100,12058.73046875,274.0
1758390003.8678267,100,12058.73046875,275.0
1758390004.868196,100,12058.73046875,274.0
1758390005.8686666,100,12058.73046875,276.0
1758390006.8689988,100,12058.73046875,275.0
1758390007.8694217,100,12058.73046875,274.0
1758390008.8701782,100,12058.73046875,274.0
1758390009.870734,100,12058.73046875,273.0
1758390010.8712854,100,12058.73046875,276.0
1758390011.8716505,100,12058.73046875,275.0
1758390012.8719947,100,12058.73046875,274.0
1758390013.872862,100,12058.73046875,274.0
1758390014.873224,100,12058.73046875,273.0
1758390015.8736665,100,12058.73046875,276.0
1758390016.874023,100,12058.73046875,274.0
1758390017.8746002,100,12058.73046875,274.0
1758390018.8752968,100,12058.73046875,275.0
1758390019.8756618,100,12058.73046875,274.0
1758390020.8760195,100,12058.73046875,276.0
1758390021.876436,100,12058.73046875,274.0
1758390022.876978,100,12058.73046875,274.0
1758390023.8775165,100,12058.73046875,275.0
1758390024.8778582,100,12058.73046875,274.0
1758390025.8783472,100,12058.73046875,275.0
1758390026.8786793,100,12058.73046875,274.0
1758390027.8793318,100,12058.73046875,275.0
1758390028.8798864,100,12058.73046875,274.0
1758390029.8802645,100,12058.73046875,275.0
1758390030.880696,100,12058.73046875,275.0
1758390031.8810654,100,12058.73046875,274.0
1758390032.8815713,100,12058.73046875,274.0
1758390033.8819404,100,12058.73046875,274.0
1758390034.8822925,100,12058.73046875,276.0
1758390035.8827136,100,12058.73046875,275.0
1758390036.8831291,100,12058.73046875,275.0
1758390037.8837588,100,12058.73046875,274.0
1758390038.8843253,100,12058.73046875,273.0
1758390039.8846922,100,12058.73046875,276.0
1758390040.8852754,100,12058.73046875,275.0
1758390041.8859708,100,12058.73046875,274.0
1758390042.886426,100,12058.73046875,274.0
1758390043.8870971,100,12058.73046875,273.0
1758390044.8876822,100,12058.73046875,276.0
1758390045.888107,100,12058.73046875,274.0
1758390046.888551,100,12058.73046875,274.0
1758390047.8889217,100,12058.73046875,275.0
1758390048.889456,100,12058.73046875,274.0
1758390049.8901129,100,12058.73046875,276.0
1758390050.890537,100,12058.73046875,274.0
1758390051.891218,100,12058.73046875,274.0
1758390052.891763,100,12058.73046875,275.0
1758390053.8922067,100,12058.73046875,273.0
1758390054.8926167,100,12058.73046875,275.0
1758390055.8929367,100,12058.73046875,277.0
1758390056.8935285,100,12058.73046875,274.0
1758390057.8941185,100,12058.73046875,274.0
1758390058.8946722,100,12058.73046875,274.0
1758390059.8948817,100,12058.73046875,275.0
1758390060.8956318,100,12058.73046875,274.0
1758390061.8962889,100,12058.73046875,274.0
1758390062.896744,100,12058.73046875,273.0
1758390063.8970933,100,12058.73046875,276.0
1758390064.897469,100,12058.73046875,276.0
1758390065.8984392,100,12058.73046875,274.0
1758390066.898982,100,12058.73046875,273.0
1758390067.899335,100,12058.73046875,273.0
1758390068.8997455,100,12058.73046875,275.0
1758390069.90013,100,12058.73046875,274.0
1758390070.9004948,100,12058.73046875,277.0
1758390071.9008534,100,12058.73046875,274.0
1758390072.9013858,100,12058.73046875,268.0
1758390073.90175,100,12058.73046875,277.0
1758390074.9021714,100,12058.73046875,275.0
1758390075.9027884,100,12058.73046875,275.0
1758390076.903139,100,12058.73046875,288.0
1758390077.903488,100,12058.73046875,274.0
1758390078.9038792,100,12058.73046875,278.0
1758390079.9042475,100,12058.73046875,274.0
1758390080.9048293,100,12058.73046875,274.0
1758390081.9052062,100,12058.73046875,275.0
1758390082.9056337,100,12058.73046875,274.0
1758390083.9059973,100,12058.73046875,277.0
1758390084.9063535,100,12058.73046875,274.0
1758390085.9067569,100,12058.73046875,274.0
1758390086.9075956,100,12058.73046875,273.0
1758390087.907958,100,12058.73046875,275.0
1758390088.9084067,100,12058.73046875,275.0
1758390089.9087849,100,12058.73046875,277.0
1758390090.90923,100,12058.73046875,274.0
1758390091.909858,100,12058.73046875,272.0
1758390092.910244,100,12058.73046875,276.0
1758390093.9106631,100,12058.73046875,275.0
1758390094.91108,100,12058.73046875,275.0
1758390095.9115317,100,12058.73046875,274.0
1758390096.912101,100,12058.73046875,273.0
1758390097.9125142,100,12058.73046875,275.0
1758390098.912877,100,12058.73046875,274.0
1758390099.913333,100,12058.73046875,276.0
1758390100.9137523,100,12058.73046875,274.0
1758390101.9143972,100,12058.73046875,258.0
1758390102.9147682,100,12058.73046875,276.0
1758390103.9152982,100,12058.73046875,274.0
1758390104.9162357,100,12058.73046875,274.0
1758390105.916637,100,12058.73046875,275.0
1758390106.9170403,100,12058.73046875,275.0
1758390107.9174623,100,12058.73046875,275.0
1758390108.917835,100,12058.73046875,274.0
1758390109.918201,100,12058.73046875,274.0
1758390110.9185703,100,12058.73046875,274.0
1758390111.9192762,100,12058.73046875,275.0
1758390112.9199696,100,12058.73046875,275.0
1758390113.9207225,100,12058.73046875,274.0
1758390114.9211414,100,12058.73046875,273.0
1758390115.9214745,100,12058.73046875,273.0
1758390116.9220374,100,12058.73046875,274.0
1758390117.9224067,100,12058.73046875,275.0
1758390118.922831,100,12058.73046875,275.0
1758390119.923247,100,12058.73046875,274.0
1758390120.9237163,99,12058.73046875,268.0
1758390121.9241104,100,12058.73046875,276.0
1758390122.9245155,100,12058.73046875,275.0
1758390123.9248884,100,12058.73046875,274.0
1758390124.9253068,100,12058.73046875,269.0
1758390125.925953,100,12058.73046875,273.0
1758390126.9263415,100,12058.73046875,276.0
1758390127.926893,100,12058.73046875,274.0
1758390128.927313,100,12058.73046875,275.0
1758390129.9278975,100,12058.73046875,274.0
1758390130.9284213,100,12058.73046875,273.0
1758390131.928789,100,12058.73046875,275.0
1758390132.9292514,100,12058.73046875,274.0
1758390133.929775,100,12058.73046875,274.0
1758390134.9301684,100,12058.73046875,274.0
1758390135.9307337,100,12058.73046875,274.0
1758390136.9310915,100,12058.73046875,275.0
1758390137.9316382,100,12058.73046875,275.0
1758390138.9319987,100,12058.73046875,275.0
1758390139.9325552,100,12058.73046875,275.0
1758390140.93303,100,12058.73046875,274.0
1758390141.9335759,100,12058.73046875,277.0
1758390142.9339638,100,12058.73046875,274.0
1758390143.9343584,100,12058.73046875,275.0
1758390144.9349504,100,12058.73046875,273.0
1758390145.9354799,100,12058.73046875,272.0
1758390146.935903,100,12058.73046875,275.0
1758390147.936297,100,12058.73046875,280.0
1758390148.9366596,100,12058.73046875,274.0
1758390149.9368818,100,12058.73046875,273.0
1758390150.9372647,100,12058.73046875,276.0
1758390151.9379113,100,12058.73046875,274.0
1758390152.9382834,100,12058.73046875,274.0
1758390153.9387012,100,12058.73046875,274.0
1758390154.9391952,100,12058.73046875,273.0
1758390155.9397156,100,12058.73046875,276.0
1758390156.9401994,100,12058.73046875,276.0
1758390157.940698,100,12058.73046875,274.0
1758390158.941238,100,12058.73046875,274.0
1758390159.9420187,100,12058.73046875,273.0
1758390160.9424384,100,12058.73046875,275.0
1758390161.9427757,100,12058.73046875,274.0
1758390162.9432683,100,12058.73046875,278.0
1758390163.9436014,100,12058.73046875,275.0
1758390164.943975,100,12058.73046875,271.0
1758390165.9444594,100,12058.73046875,275.0
1758390166.9448338,100,12058.73046875,276.0
1758390167.945304,100,12058.73046875,274.0
1758390168.9456794,100,12058.73046875,284.0
1758390169.946038,100,12058.73046875,274.0
1758390170.9466422,100,12058.73046875,273.0
1758390171.946986,100,12058.73046875,274.0
1758390172.9472237,100,12058.73046875,274.0
1758390173.9475868,100,12058.73046875,274.0
1758390174.9480124,100,12058.73046875,275.0
1758390175.9483612,100,12058.73046875,277.0
1758390176.9488485,100,12058.73046875,274.0
1758390177.9492123,100,12058.73046875,274.0
1758390178.95001,100,12058.73046875,274.0
1758390179.9503782,100,12058.73046875,276.0
1758390180.9507248,100,12058.73046875,274.0
1758390181.951092,100,12058.73046875,277.0
1758390182.9515967,100,12058.73046875,274.0
1758390183.9521844,100,12058.73046875,272.0
1758390184.9527187,100,12058.73046875,276.0
1758390185.9532585,100,12058.73046875,275.0
1758390186.95361,100,12058.73046875,274.0
1758390187.9542902,100,12058.73046875,280.0
1758390188.9546404,100,12058.73046875,273.0
1758390189.9550838,100,12058.73046875,276.0
1758390190.9557118,100,12058.73046875,274.0
1758390191.9562743,100,12058.73046875,273.0
1758390192.9569707,100,12058.73046875,274.0
1758390193.9575107,100,12058.73046875,225.0
1758390194.9579232,100,12058.73046875,276.0
1758390195.9582915,100,12058.73046875,274.0
1758390196.9588673,100,12058.73046875,275.0
1758390197.9592097,100,12058.73046875,275.0
1758390198.9598734,100,12058.73046875,275.0
1758390199.9604251,100,12058.73046875,275.0
1758390200.9609525,100,12058.73046875,275.0
1758390201.9615076,100,12058.73046875,274.0
1758390202.962309,100,12058.73046875,273.0
1758390203.9626954,100,12058.73046875,275.0
1758390204.9630666,100,12058.73046875,275.0
1758390205.9634364,100,12058.73046875,275.0
1758390206.964069,100,12058.73046875,274.0
1758390207.9644263,100,12058.73046875,274.0
1758390208.964785,100,12058.73046875,275.0
1758390209.9651446,100,12058.73046875,275.0
1758390210.9656494,100,12058.73046875,277.0
1758390211.9659889,100,12058.73046875,274.0
1758390212.966513,99,12058.73046875,266.0
1758390213.9669137,100,12058.73046875,276.0
1758390214.9672687,100,12058.73046875,276.0
1758390215.967697,100,12058.73046875,274.0
1758390216.9690897,100,12058.73046875,298.0
1758390217.9699173,100,12058.73046875,273.0
1758390218.970441,100,12058.73046875,276.0
1758390219.9710605,100,12058.73046875,275.0
1758390220.9714925,100,12058.73046875,275.0
1758390221.9718409,100,12058.73046875,275.0
1758390222.9722419,100,12058.73046875,273.0
1758390223.9726121,100,12058.73046875,275.0
1758390224.9733312,100,12058.73046875,274.0
1758390225.9738805,100,12058.73046875,274.0
1758390226.974292,100,12058.73046875,274.0
1758390227.9748583,100,12058.73046875,275.0
1758390228.9752288,100,12058.73046875,275.0
1758390229.9762113,100,12058.73046875,274.0
1758390230.9766426,100,12058.73046875,274.0
1758390231.9769948,100,12058.73046875,273.0
1758390232.9773457,100,12058.73046875,275.0
1758390233.9777603,100,12058.73046875,276.0
1758390234.978425,100,12058.73046875,274.0
1758390235.978981,100,12058.73046875,274.0
1758390236.979537,100,12058.73046875,274.0
1758390237.9800975,100,12058.73046875,273.0
1758390238.9804761,100,12058.73046875,274.0
1758390239.9808555,100,12058.73046875,274.0
1758390240.9812238,100,12058.73046875,274.0
1758390241.9818866,100,12058.73046875,274.0
1758390242.9825587,100,12058.73046875,274.0
1758390243.9832497,100,12058.73046875,274.0
1758390244.9838524,100,12058.73046875,274.0
1758390245.9842074,100,12058.73046875,275.0
1758390246.9845755,100,12058.73046875,273.0
1758390247.984924,100,12058.73046875,276.0
1758390248.9854856,100,12058.73046875,275.0
1758390249.9858763,100,12058.73046875,274.0
1758390250.9865386,100,12058.73046875,274.0
1758390251.9870622,100,12058.73046875,273.0
1758390252.9876113,100,12058.73046875,276.0
1758390253.9884944,100,12058.73046875,274.0
1758390254.9889045,100,12058.73046875,277.0
1758390255.9892747,100,12058.73046875,274.0
1758390256.9897385,100,12058.73046875,272.0
1758390257.9901435,100,12058.73046875,275.0
1758390258.9905496,100,12058.73046875,278.0
1758390259.9913595,100,12058.73046875,274.0
1758390260.9918547,100,12058.73046875,288.0
1758390261.9924467,100,12058.73046875,275.0
1758390262.9927905,100,12058.73046875,275.0
1758390263.9931543,100,12058.73046875,274.0
1758390264.9935246,100,12058.73046875,274.0
1758390265.9939113,100,12058.73046875,274.0
1758390266.994442,100,12058.73046875,275.0
1758390267.9950619,100,12058.73046875,277.0
1758390268.9954093,100,12058.73046875,275.0
1758390269.995852,100,12058.73046875,273.0
1758390270.9963343,100,12058.73046875,274.0
1758390271.9967833,100,12058.73046875,275.0
1758390272.9971945,100,12058.73046875,274.0
1758390273.9981031,100,12058.73046875,277.0
1758390274.9985318,100,12058.73046875,274.0
1758390275.9991262,100,12058.73046875,270.0
1758390276.9996598,100,12058.73046875,276.0
1758390278.000077,100,12058.73046875,275.0
1758390279.0004473,100,12058.73046875,274.0
1758390280.0008774,100,12058.73046875,279.0
1758390281.0010958,100,12058.73046875,273.0
1758390282.001767,99,12058.73046875,275.0
1758390283.0021908,100,12058.73046875,274.0
1758390284.0026295,100,12058.73046875,277.0
1758390285.003153,100,12058.73046875,275.0
1758390286.003519,100,12058.73046875,274.0
1758390287.0038605,100,12058.73046875,277.0
1758390288.0042746,100,12058.73046875,274.0
1758390289.0047007,100,12058.73046875,274.0
1758390290.0051115,100,12058.73046875,274.0
1758390291.0054507,100,12058.73046875,275.0
1758390292.0058165,100,12058.73046875,275.0
1758390293.0065022,100,12058.73046875,276.0
1758390294.0068715,100,12058.73046875,274.0
1758390295.0072613,100,12058.73046875,274.0
1758390296.0079224,100,12058.73046875,275.0
1758390297.008341,100,12058.73046875,276.0
1758390298.009074,100,12058.73046875,274.0
1758390299.009516,100,12058.73046875,275.0
1758390300.010105,100,12058.73046875,273.0
1758390301.0107348,100,12058.73046875,275.0
1758390302.0114381,100,12058.73046875,275.0
1758390303.0118668,100,12058.73046875,277.0
1758390304.0125089,100,12058.73046875,274.0
1758390305.0129921,99,12058.73046875,264.0
1758390306.0133739,100,12058.73046875,276.0
1758390307.013946,100,12058.73046875,281.0
1758390308.0143156,100,12058.73046875,274.0
1758390309.0147436,100,12058.73046875,274.0
1758390310.0151346,100,12058.73046875,273.0
1758390311.015504,100,12058.73046875,276.0
1758390312.0160782,100,12058.73046875,275.0
1758390313.016552,100,12058.73046875,274.0
1758390314.0170617,100,12058.73046875,274.0
1758390315.0174382,100,12058.73046875,273.0
1758390316.0179033,100,12058.73046875,276.0
1758390317.0182626,100,12058.73046875,274.0
1758390318.018806,100,12058.73046875,274.0
1758390319.019328,100,12058.73046875,275.0
1758390320.019778,100,12058.73046875,275.0
1758390321.0203083,100,12058.73046875,275.0
1758390322.020896,100,12058.73046875,275.0
1758390323.021309,100,12058.73046875,274.0
1758390324.0219808,100,12058.73046875,274.0
1758390325.02265,100,12058.73046875,275.0
1758390326.0233438,100,12058.73046875,277.0
1758390327.0237246,100,12058.73046875,274.0
1758390328.024093,100,12058.73046875,271.0
1758390329.0244548,100,12058.73046875,274.0
1758390330.025024,100,12058.73046875,275.0
1758390331.0255568,100,12058.73046875,274.0
1758390332.0259223,100,12058.73046875,274.0
1758390333.026301,100,12058.73046875,274.0
1758390334.0267036,100,12058.73046875,274.0
1758390335.0272288,100,12058.73046875,275.0
1758390336.0275745,100,12058.73046875,274.0
1758390337.028227,100,12058.73046875,274.0
1758390338.028891,100,12058.73046875,274.0
1758390339.029289,100,12058.73046875,273.0
1758390340.0296311,100,12058.73046875,276.0
1758390341.030124,100,12058.73046875,275.0
1758390342.0305648,100,12058.73046875,274.0
1758390343.030969,100,12058.73046875,274.0
1758390344.0315986,100,12058.73046875,273.0
1758390345.0319734,100,12058.73046875,275.0
1758390346.0323408,100,12058.73046875,274.0
1758390347.0328135,100,12058.73046875,274.0
1758390348.033157,100,12058.73046875,275.0
1758390349.0336661,100,12058.73046875,272.0
1758390350.0340154,100,12058.73046875,275.0
1758390351.0346358,100,12058.73046875,276.0
1758390352.0351868,100,12058.73046875,274.0
1758390353.0355685,100,12058.73046875,294.0
1758390354.0361693,100,12058.73046875,275.0
1758390355.0367632,100,12058.73046875,275.0
1758390356.0371213,100,12058.73046875,274.0
1758390357.0376735,100,12058.73046875,274.0
1758390358.0380921,100,12058.73046875,273.0
1758390359.0388117,100,12058.73046875,275.0
1758390360.0393004,100,12058.73046875,275.0
1758390361.0398574,100,12058.73046875,275.0
1758390362.040264,100,12058.73046875,273.0
1758390363.040675,100,12058.73046875,273.0
1758390364.0413,100,12058.73046875,275.0
1758390365.0416732,100,12058.73046875,275.0
1758390366.0420752,100,12058.73046875,278.0
1758390367.0424802,100,12058.73046875,275.0
1758390368.0429127,100,12058.73046875,270.0
1758390369.0433688,100,12058.73046875,276.0
1758390370.0437372,100,12058.73046875,274.0
1758390371.044209,100,12058.73046875,274.0
1758390372.044692,100,12058.73046875,280.0
1758390373.045115,100,12058.73046875,273.0
1758390374.0457103,100,12058.73046875,271.0
1758390375.046378,100,12058.73046875,274.0
1758390376.04676,100,12058.73046875,274.0
1758390377.0473,100,12058.73046875,275.0
1758390378.0478978,100,12058.73046875,274.0
1758390379.048464,100,12058.73046875,277.0
1758390380.0490532,100,12058.73046875,274.0
1758390381.049413,100,12058.73046875,274.0
1758390382.0498981,100,12058.73046875,275.0
1758390383.0502856,100,12058.73046875,275.0
1758390384.0506568,100,12058.73046875,275.0
1758390385.0511074,100,12058.73046875,277.0
1758390386.051473,100,12058.73046875,274.0
1758390387.0518522,100,12058.73046875,273.0
1758390388.052361,100,12058.73046875,275.0
1758390389.052864,100,12058.73046875,275.0
1758390390.0533001,100,12058.73046875,275.0
1758390391.0537395,100,12058.73046875,278.0
1758390392.054213,100,12058.73046875,273.0
1758390393.0546622,100,12058.73046875,275.0
1758390394.055268,100,12058.73046875,274.0
1758390395.0560608,100,12058.73046875,275.0
1758390396.0566278,100,12058.73046875,274.0
1758390397.0570345,99,12058.73046875,263.0
1758390398.0577426,100,12058.73046875,276.0
1758390399.0583134,100,12058.73046875,274.0
1758390400.0588121,100,12058.73046875,274.0
1758390401.059475,100,12058.73046875,275.0
1758390402.0599244,100,12058.73046875,273.0
1758390403.0602968,100,12058.73046875,276.0
1758390404.06071,100,12058.73046875,274.0
1758390405.0611703,100,12058.73046875,275.0
1758390406.0617728,100,12058.73046875,275.0
1758390407.0622666,100,12058.73046875,274.0
1758390408.062659,100,12058.73046875,275.0
1758390409.0632348,100,12058.73046875,274.0
1758390410.0635984,100,12058.73046875,274.0
1758390411.0643165,100,12058.73046875,275.0
1758390412.064762,100,12058.73046875,274.0
1758390413.0652966,100,12058.73046875,275.0
1758390414.0658576,100,12058.73046875,275.0
1758390415.0662193,100,12058.73046875,274.0
1758390416.0665877,100,12058.73046875,273.0
1758390417.0669758,100,12058.73046875,275.0
1758390418.0677636,100,12058.73046875,275.0
1758390419.0682645,100,12058.73046875,274.0
1758390420.0686321,100,12058.73046875,277.0
1758390421.0689971,100,12058.73046875,273.0
1758390422.0698638,100,12058.73046875,279.0
1758390423.0706084,100,12058.73046875,275.0
1758390424.07113,100,12058.73046875,274.0
1758390425.0718124,100,12058.73046875,274.0
1758390426.0722778,100,12058.73046875,273.0
1758390427.0728254,100,12058.73046875,274.0
1758390428.0734715,100,12058.73046875,275.0
1758390429.0745437,100,12058.73046875,274.0
1758390430.0751965,100,12058.73046875,274.0
1758390431.075882,100,12058.73046875,272.0
1758390432.0763063,100,12058.73046875,276.0
1758390433.0771298,100,12058.73046875,275.0
1758390434.0776083,100,12058.73046875,274.0
1758390435.0780222,100,12058.73046875,274.0
1758390436.0783923,100,12058.73046875,273.0
1758390437.0787914,100,12058.73046875,276.0
1758390438.0792034,100,12058.73046875,274.0
1758390439.0797746,100,12058.73046875,274.0
1758390440.0801823,100,12058.73046875,275.0
1758390441.080707,100,12058.73046875,273.0
1758390442.0812764,100,12058.73046875,275.0
1758390443.0818202,100,12058.73046875,275.0
1758390444.0821502,100,12058.73046875,275.0
1758390445.0825653,100,12058.73046875,301.0
1758390446.0830443,100,12058.73046875,275.0
1758390447.0834956,100,12058.73046875,275.0
1758390448.083843,100,12058.73046875,274.0
1758390449.0842135,100,12058.73046875,275.0
1758390450.0846503,100,12058.73046875,274.0
1758390451.0850687,100,12058.73046875,275.0
1758390452.0856793,100,12058.73046875,277.0
1758390453.0860577,100,12058.73046875,274.0
1758390454.0864742,100,12058.73046875,273.0
1758390455.0871298,100,12058.73046875,274.0
1758390456.0876906,100,12058.73046875,275.0
1758390457.088314,100,12058.73046875,274.0
1758390458.089024,100,12058.73046875,276.0
1758390459.08954,100,12058.73046875,274.0
1758390460.0901313,100,12058.73046875,269.0
1758390461.0906389,100,12058.73046875,276.0
1758390462.0912414,100,12058.73046875,274.0
1758390463.0917547,100,12058.73046875,274.0
1758390464.0921192,100,12058.73046875,280.0
1758390465.0925946,100,12058.73046875,274.0
1758390466.0929651,99,12058.73046875,277.0
1758390467.0933225,100,12058.73046875,274.0
1758390468.093705,100,12058.73046875,275.0
1758390469.094254,100,12058.73046875,275.0
1758390470.0946832,100,12058.73046875,274.0
1758390471.095159,100,12058.73046875,277.0
1758390472.0955732,100,12058.73046875,274.0
1758390473.0959861,100,12058.73046875,274.0
1758390474.0963287,100,12058.73046875,274.0
1758390475.0969565,100,12058.73046875,275.0
1758390476.097323,100,12058.73046875,275.0
1758390477.0976877,100,12058.73046875,276.0
1758390478.0980523,100,12058.73046875,274.0
1758390479.0985,100,12058.73046875,271.0
1758390480.0989516,100,12058.73046875,276.0
1758390481.0993335,100,12058.73046875,274.0
1758390482.099913,100,12058.73046875,275.0
1758390483.1004539,100,12058.73046875,273.0
1758390484.1010015,100,12058.73046875,274.0
1758390485.1014102,100,12058.73046875,276.0
1758390486.1018183,100,12058.73046875,274.0
1758390487.1022654,100,12058.73046875,276.0
1758390488.1026583,100,12058.73046875,274.0
1758390489.1032612,99,12058.73046875,253.0
1758390490.1036642,100,12058.73046875,276.0
1758390491.1041422,100,12058.73046875,274.0
1758390492.1044898,100,12058.73046875,274.0
1758390493.1048472,100,12058.73046875,275.0
1758390494.1053495,100,12058.73046875,274.0
1758390495.1057093,100,12058.73046875,276.0
1758390496.1060646,100,12058.73046875,274.0
1758390497.1067302,100,12058.73046875,274.0
1758390498.1072168,100,12058.73046875,275.0
1758390499.1076682,100,12058.73046875,275.0
1758390500.1082625,100,12058.73046875,276.0
1758390501.1086736,100,12058.73046875,274.0
1758390502.109437,100,12058.73046875,274.0
1758390503.1103365,100,12058.73046875,274.0
1758390504.1107752,100,12058.73046875,275.0
1758390505.1112454,100,12058.73046875,274.0
1758390506.111687,100,12058.73046875,275.0
1758390507.11234,100,12058.73046875,274.0
1758390508.1126897,100,12058.73046875,269.0
1758390509.1133082,100,12058.73046875,276.0
1758390510.1137142,100,12058.73046875,274.0
1758390511.1141317,100,12058.73046875,274.0
1758390512.1147127,100,12058.73046875,272.0
1758390513.1151044,100,12058.73046875,274.0
1758390514.1154528,100,12058.73046875,276.0
1758390515.1162095,100,12058.73046875,276.0
1758390516.1165607,100,12058.73046875,274.0
1758390517.1177454,100,12058.73046875,274.0
1758390518.118107,100,12058.73046875,273.0
1758390519.1186502,100,12058.73046875,275.0
1758390520.1193056,100,12058.73046875,274.0
1758390521.119799,100,12058.73046875,276.0
1758390522.1201735,100,12058.73046875,275.0
1758390523.1205413,100,12058.73046875,271.0
1758390524.120898,100,12058.73046875,276.0
1758390525.121449,100,12058.73046875,275.0
1758390526.1218083,100,12058.73046875,274.0
1758390527.122288,100,12058.73046875,275.0
1758390528.1226664,100,12058.73046875,274.0
1758390529.123378,100,12058.73046875,278.0
1758390530.123754,100,12058.73046875,274.0
1758390531.1242847,100,12058.73046875,271.0
1758390532.1246426,100,12058.73046875,275.0
1758390533.1249876,100,12058.73046875,275.0
1758390534.1253514,100,12058.73046875,275.0
1758390535.1258986,100,12058.73046875,274.0
1758390536.1263237,100,12058.73046875,274.0
1758390537.1267269,100,12058.73046875,274.0
1758390538.1271245,100,12058.73046875,275.0
1758390539.1274943,100,12058.73046875,274.0
1758390540.1278763,100,12058.73046875,274.0
1758390541.128483,100,12058.73046875,275.0
1758390542.128917,100,12058.73046875,272.0
1758390543.1293945,100,12058.73046875,276.0
1758390544.1298125,100,12058.73046875,275.0
1758390545.1302068,100,12058.73046875,274.0
1758390546.130609,100,12058.73046875,275.0
1758390547.1309447,100,12058.73046875,273.0
1758390548.1313906,100,12058.73046875,274.0
1758390549.131725,100,12058.73046875,274.0
1758390550.1321163,100,12058.73046875,274.0
1758390551.1327431,100,12058.73046875,275.0
1758390552.1331842,100,12058.73046875,265.0
1758390553.133861,100,12058.73046875,276.0
1758390554.1342754,100,12058.73046875,278.0
1758390555.134756,100,12058.73046875,274.0
1758390556.135263,100,12058.73046875,275.0
1758390557.1358225,100,12058.73046875,275.0
1758390558.1362593,100,12058.73046875,275.0
1758390559.1367402,100,12058.73046875,275.0
1758390560.1371057,100,12058.73046875,274.0
1758390561.1376128,100,12058.73046875,275.0
1758390562.1379771,100,12058.73046875,274.0
1758390563.1383526,100,12058.73046875,276.0
1758390564.1388767,100,12058.73046875,274.0
1758390565.139378,100,12058.73046875,274.0
1758390566.1399453,100,12058.73046875,274.0
1758390567.1406517,100,12058.73046875,275.0
1758390568.1410189,100,12058.73046875,275.0
1758390569.141396,100,12058.73046875,275.0
1758390570.1417692,100,12058.73046875,274.0
1758390571.142352,100,12058.73046875,270.0
1758390572.1427226,100,12058.73046875,276.0
1758390573.1430893,100,12058.73046875,275.0
1758390574.1435978,100,12058.73046875,275.0
1758390575.1442049,100,12058.73046875,273.0
1758390576.1449142,100,12058.73046875,273.0
1758390577.1454802,100,12058.73046875,271.0
1758390578.1460385,100,12058.73046875,275.0
1758390579.1464612,100,12058.73046875,274.0
1758390580.1468916,100,12058.73046875,274.0
1758390581.147372,100,12058.73046875,273.0
1758390582.1477304,100,12058.73046875,276.0
1758390583.148081,100,12058.73046875,274.0
1758390584.1488163,100,12058.73046875,274.0
1758390585.1491525,100,12058.73046875,274.0
1758390586.149516,100,12058.73046875,274.0
1758390587.1500769,100,12058.73046875,275.0
1758390588.1504219,100,12058.73046875,274.0
1758390589.1509237,100,12058.73046875,274.0
1758390590.1512702,100,12058.73046875,275.0
1758390591.151769,100,12058.73046875,275.0
1758390592.1521437,100,12058.73046875,275.0
1758390593.1525931,100,12058.73046875,273.0
1758390594.1531684,100,12058.73046875,274.0
1758390595.1537082,100,12058.73046875,274.0
1758390596.1540911,100,12058.73046875,275.0
1758390597.1545677,100,12058.73046875,275.0
1758390598.1549633,100,12058.73046875,274.0
1758390599.1553807,100,12058.73046875,274.0
1758390600.1557808,100,12058.73046875,274.0
1758390601.1561348,100,12058.73046875,275.0
1758390602.156651,100,12058.73046875,274.0
1758390603.1572127,100,12058.73046875,275.0
1758390604.1581092,100,12058.73046875,275.0
1758390605.1584454,100,12058.73046875,273.0
1758390606.158795,100,12058.73046875,276.0
1758390607.1591291,100,12058.73046875,275.0
1758390608.1596606,100,12058.73046875,274.0
1758390609.1601458,100,12058.73046875,274.0
1758390610.160527,100,12058.73046875,273.0
1758390611.1609674,100,12058.73046875,276.0
1758390612.1616082,100,12058.73046875,274.0
1758390613.1619396,100,12058.73046875,274.0
1758390614.162325,100,12058.73046875,274.0
1758390615.1627192,100,12058.73046875,273.0
1758390616.1631494,100,12058.73046875,276.0
1758390617.163502,100,12058.73046875,274.0
1758390618.1641192,100,12058.73046875,274.0
1758390619.1645906,100,12058.73046875,275.0
1758390620.1649826,100,12058.73046875,274.0
1758390621.1653218,100,12058.73046875,275.0
1758390622.1659615,100,12058.73046875,274.0
1758390623.166555,100,12058.73046875,274.0
1758390624.1669166,100,12058.73046875,275.0
1758390625.1672504,100,12058.73046875,275.0
1758390626.1676078,100,12058.73046875,275.0
1758390627.1680567,100,12058.73046875,274.0
1758390628.1684747,100,12058.73046875,274.0
1758390629.1688092,100,12058.73046875,274.0
1758390630.169184,100,12058.73046875,276.0
1758390631.1695197,100,12058.73046875,274.0
1758390632.169939,100,12058.73046875,274.0
1758390633.1705232,100,12058.73046875,275.0
1758390634.1708822,100,12058.73046875,273.0
1758390635.1714647,100,12058.73046875,276.0
1758390636.171977,100,12058.73046875,274.0
1758390637.1723876,100,12058.73046875,274.0
1758390638.1729739,100,12058.73046875,274.0
1758390639.1733992,100,12058.73046875,274.0
1758390640.173932,100,12058.73046875,276.0
1758390641.174264,100,12058.73046875,274.0
1758390642.1748633,100,12058.73046875,274.0
1758390643.1753385,100,12058.73046875,275.0
1758390644.1757128,100,12058.73046875,273.0
1758390645.1760743,100,12058.73046875,276.0
1758390646.176554,100,12058.73046875,274.0
1758390647.1769035,100,12058.73046875,274.0
1758390648.1772664,100,12058.73046875,275.0
1758390649.177871,100,12058.73046875,274.0
1758390650.1785424,100,12058.73046875,276.0
1758390651.1791008,100,12058.73046875,274.0
1758390652.1795816,100,12058.73046875,274.0
1758390653.1799142,100,12058.73046875,275.0
1758390654.1804821,100,12058.73046875,275.0
1758390655.1810071,100,12058.73046875,275.0
1758390656.1813726,100,12058.73046875,274.0
1758390657.1818662,100,12058.73046875,274.0
1758390658.1823013,100,12058.73046875,274.0
1758390659.1826358,100,12058.73046875,275.0
1758390660.1830032,100,12058.73046875,275.0
1758390661.1833935,100,12058.73046875,274.0
1758390662.1842303,100,12058.73046875,274.0
1758390663.1845675,100,12058.73046875,274.0
1758390664.1850462,100,12058.73046875,275.0
1758390665.1859744,100,12058.73046875,275.0
1758390666.186545,100,12058.73046875,274.0
1758390667.1870654,100,12058.73046875,274.0
1758390668.1874332,100,12058.73046875,273.0
1758390669.1877906,100,12058.73046875,276.0
1758390670.188405,100,12058.73046875,274.0
1758390671.188781,100,12058.73046875,274.0
1758390672.1893313,100,12058.73046875,275.0
1758390673.1897337,100,12058.73046875,273.0
1758390674.1904016,100,12058.73046875,276.0
1758390675.1909676,100,12058.73046875,274.0
1758390676.1912975,100,12058.73046875,274.0
1758390677.1916754,100,12058.73046875,274.0
1758390678.1920836,100,12058.73046875,274.0
1758390679.192626,100,12058.73046875,276.0
1758390680.1929574,100,12058.73046875,274.0
1758390681.193492,100,12058.73046875,274.0
1758390682.1940427,100,12058.73046875,275.0
1758390683.1945813,100,12058.73046875,275.0
1758390684.194914,100,12058.73046875,275.0
1758390685.195549,100,12058.73046875,274.0
1758390686.196225,100,12058.73046875,274.0
1758390687.1966228,100,12058.73046875,275.0
1758390688.1970742,100,12058.73046875,275.0
1758390689.1977699,100,12058.73046875,275.0
1758390690.1984098,100,12058.73046875,274.0
1758390691.1988037,100,12058.73046875,275.0
1758390692.199148,100,12058.73046875,274.0
1758390693.1998096,100,12058.73046875,275.0
1758390694.20016,100,12058.73046875,274.0
1758390695.2004995,100,12058.73046875,274.0
1758390696.2008343,100,12058.73046875,275.0
1758390697.201173,100,12058.73046875,274.0
1758390698.201535,100,12058.73046875,276.0
1758390699.202211,100,12058.73046875,274.0
1758390700.2026007,100,12058.73046875,274.0
1758390701.202943,100,12058.73046875,275.0
1758390702.2034492,100,12058.73046875,273.0
1758390703.2041373,100,12058.73046875,276.0
1758390704.2046769,100,12058.73046875,274.0
1758390705.205245,100,12058.73046875,275.0
1758390706.205756,100,12058.73046875,274.0
1758390707.206137,100,12058.73046875,273.0
1758390708.2067623,100,12058.73046875,276.0
1758390709.2071526,100,12058.73046875,274.0
1758390710.2074852,100,12058.73046875,274.0
1758390711.20783,100,12058.73046875,275.0
1758390712.208206,100,12058.73046875,274.0
1758390713.2087276,100,12058.73046875,276.0
1758390714.2091236,100,12058.73046875,274.0
1758390715.2097135,100,12058.73046875,275.0
1758390716.2102294,100,12058.73046875,275.0
1758390717.2106893,100,12058.73046875,274.0
1758390718.2110226,100,12058.73046875,275.0
1758390719.211524,100,12058.73046875,274.0
1758390720.2119572,100,12058.73046875,274.0
1758390721.2123163,100,12058.73046875,274.0
1758390722.2128632,100,12058.73046875,275.0
1758390723.2132194,100,12058.73046875,275.0
1758390724.2135882,100,12058.73046875,274.0
1758390725.2139356,100,12058.73046875,274.0
1758390726.2143214,100,12058.73046875,274.0
1758390727.2151494,100,12058.73046875,276.0
1758390728.2155442,100,12058.73046875,274.0
1758390729.2160845,100,12058.73046875,275.0
1758390730.216418,100,12058.73046875,274.0
1758390731.2169204,100,12058.73046875,273.0
1758390732.2173889,100,12058.73046875,276.0
1758390733.217996,100,12058.73046875,274.0
1758390734.2183301,100,12058.73046875,274.0
1758390735.2186804,100,12058.73046875,274.0
1758390736.219054,100,12058.73046875,273.0
1758390737.219734,100,12058.73046875,276.0
1758390738.2201352,100,12058.73046875,275.0
1758390739.220538,100,12058.73046875,274.0
1758390740.2210004,100,12058.73046875,274.0
1758390741.2214065,100,12058.73046875,273.0
1758390742.2218578,100,12058.73046875,276.0
1758390743.2224588,100,12058.73046875,274.0
1758390744.2228303,100,12058.73046875,274.0
1758390745.223188,100,12058.73046875,275.0
1758390746.223921,100,12058.73046875,274.0
1758390747.224468,100,12058.73046875,275.0
1758390748.2250683,100,12058.73046875,274.0
1758390749.225426,100,12058.73046875,274.0
1758390750.2257574,100,12058.73046875,274.0
1758390751.2262433,100,12058.73046875,275.0
1758390752.226615,100,12058.73046875,275.0
1758390753.227181,100,12058.73046875,274.0
1758390754.2275136,100,12058.73046875,274.0
1758390755.2281387,100,12058.73046875,274.0
1758390756.2285073,100,12058.73046875,276.0
1758390757.2291937,100,12058.73046875,275.0
1758390758.2298691,100,12058.73046875,274.0
1758390759.230227,100,12058.73046875,275.0
1758390760.2309065,100,12058.73046875,273.0
1758390761.2315228,100,12058.73046875,276.0
1758390762.2318578,100,12058.73046875,274.0
1758390763.2322204,100,12058.73046875,274.0
1758390764.23282,100,12058.73046875,275.0
1758390765.233312,100,12058.73046875,273.0
1758390766.2338352,100,12058.73046875,276.0
1758390767.2341957,100,12058.73046875,274.0
1758390768.234813,100,12058.73046875,274.0
1758390769.2352173,100,12058.73046875,274.0
1758390770.2359023,100,12058.73046875,273.0
1758390771.2363162,100,12058.73046875,276.0
1758390772.236941,100,12058.73046875,274.0
1758390773.2373028,100,12058.73046875,274.0
1758390774.2376366,100,12058.73046875,275.0
1758390775.238277,100,12058.73046875,274.0
1758390776.2387993,100,12058.73046875,276.0
1758390777.239164,100,12058.73046875,274.0
1758390778.23979,100,12058.73046875,275.0
1758390779.240173,100,12058.73046875,275.0
1758390780.2408848,100,12058.73046875,274.0
1758390781.241284,100,12058.73046875,275.0
1758390782.2416177,100,12058.73046875,274.0
1758390783.2420137,100,12058.73046875,275.0
1758390784.2423832,100,12058.73046875,274.0
1758390785.2427495,100,12058.73046875,275.0
1758390786.243295,100,12058.73046875,275.0
1758390787.2438421,100,12058.73046875,274.0
1758390788.2442389,100,12058.73046875,274.0
1758390789.2448783,100,12058.73046875,273.0
1758390790.2453618,100,12058.73046875,276.0
1758390791.245908,100,12058.73046875,274.0
1758390792.2462933,100,12058.73046875,274.0
1758390793.246673,100,12058.73046875,274.0
1758390794.2471747,100,12058.73046875,273.0
1758390795.2477152,100,12058.73046875,276.0
1758390796.2483838,100,12058.73046875,274.0
1758390797.2491121,100,12058.73046875,275.0
1758390798.2496018,100,12058.73046875,275.0
1758390799.2502828,100,12058.73046875,273.0
1758390800.2506928,100,12058.73046875,276.0
1758390801.251494,100,12058.73046875,274.0
1758390802.2521782,100,12058.73046875,274.0
1758390803.252563,100,12058.73046875,274.0
1758390804.2531123,100,12058.73046875,274.0
1758390805.253532,100,12058.73046875,276.0
1758390806.2538643,100,12058.73046875,274.0
1758390807.25448,100,12058.73046875,274.0
1758390808.2550728,100,12058.73046875,275.0
1758390809.2555034,100,12058.73046875,275.0
1758390810.2558882,100,12058.73046875,275.0
1758390811.2562459,100,12058.73046875,274.0
1758390812.2567642,100,12058.73046875,274.0
1758390813.2573144,100,12058.73046875,274.0
1758390814.2576978,100,12058.73046875,275.0
1758390815.2580314,100,12058.73046875,275.0
1758390816.2584372,100,12058.73046875,274.0
1758390817.2587698,100,12058.73046875,274.0
1758390818.259209,100,12058.73046875,274.0
1758390819.2598352,100,12058.73046875,276.0
1758390820.2605774,100,12058.73046875,274.0
1758390821.2611918,100,12058.73046875,275.0
1758390822.2615976,100,12058.73046875,274.0
1758390823.261989,100,12058.73046875,273.0
1758390824.2624469,100,12058.73046875,276.0
1758390825.262916,100,12058.73046875,274.0
1758390826.2634194,100,12058.73046875,274.0
1758390827.2637498,100,12058.73046875,274.0
1758390828.264267,100,12058.73046875,274.0
1758390829.264597,100,12058.73046875,276.0
1758390830.2651901,100,12058.73046875,274.0
1758390831.265537,100,12058.73046875,274.0
1758390832.266076,100,12058.73046875,274.0
1758390833.2666295,100,12058.73046875,273.0
1758390834.2669687,100,12058.73046875,276.0
1758390835.2675934,100,12058.73046875,274.0
1758390836.268164,100,12058.73046875,274.0
1758390837.2686405,100,12058.73046875,275.0
1758390838.26911,100,12058.73046875,274.0
1758390839.2696168,100,12058.73046875,276.0
1758390840.2700813,100,12058.73046875,274.0
1758390841.2704136,100,12058.73046875,274.0
1758390842.2709918,100,12058.73046875,275.0
1758390843.2713482,100,12058.73046875,274.0
1758390844.2717326,100,12058.73046875,275.0
1758390845.272297,100,12058.73046875,274.0
1758390846.272871,100,12058.73046875,274.0
1758390847.2732637,100,12058.73046875,274.0
1758390848.273675,100,12058.73046875,275.0
1758390849.2740211,100,12058.73046875,275.0
1758390850.2745569,100,12058.73046875,274.0
1758390851.2749798,100,12058.73046875,275.0
1758390852.2753606,100,12058.73046875,274.0
1758390853.2759378,100,12058.73046875,276.0
1758390854.2764885,100,12058.73046875,274.0
1758390855.276823,100,12058.73046875,274.0
1758390856.2772915,100,12058.73046875,275.0
1758390857.277757,100,12058.73046875,273.0
1758390858.2783039,100,12058.73046875,276.0
1758390859.2788458,100,12058.73046875,274.0
1758390860.2792153,100,12058.73046875,274.0
1758390861.2799108,100,12058.73046875,274.0
1758390862.2804275,100,12058.73046875,273.0
1758390863.2807577,100,12058.73046875,276.0
1758390864.2818341,100,12058.73046875,274.0
1758390865.2823734,100,12058.73046875,274.0
1758390866.2827432,100,12058.73046875,275.0
1758390867.2830882,100,12058.73046875,273.0
1758390868.2836452,100,12058.73046875,276.0
1758390869.2840984,100,12058.73046875,274.0
1758390870.2847242,100,12058.73046875,274.0
1758390871.285054,100,12058.73046875,275.0
1758390872.2855504,100,12058.73046875,274.0
1758390873.2858915,100,12058.73046875,275.0
1758390874.2864213,100,12058.73046875,274.0
1758390875.286853,100,12058.73046875,274.0
1758390876.287323,100,12058.73046875,275.0
1758390877.2876575,100,12058.73046875,275.0
1758390878.2880116,100,12058.73046875,275.0
1758390879.2885988,100,12058.73046875,274.0
1758390880.2889667,100,12058.73046875,274.0
1758390881.2894495,100,12058.73046875,274.0
1758390882.2898097,100,12058.73046875,276.0
1758390883.2902274,100,12058.73046875,275.0
1758390884.29095,100,12058.73046875,274.0
1758390885.291294,100,12058.73046875,274.0
1758390886.291718,100,12058.73046875,273.0
1758390887.2922337,100,12058.73046875,276.0
1758390888.2927024,100,12058.73046875,274.0
1758390889.2930663,100,12058.73046875,275.0
1758390890.2934365,100,12058.73046875,275.0
1758390891.2937813,100,12058.73046875,273.0
1758390892.2942326,100,12058.73046875,276.0
1758390893.2947574,100,12058.73046875,274.0
1758390894.2951224,100,12058.73046875,274.0
1758390895.2956448,100,12058.73046875,274.0
1758390896.2962763,100,12058.73046875,273.0
1758390897.2967575,100,12058.73046875,276.0
1758390898.2971468,100,12058.73046875,274.0
1758390899.2974818,100,12058.73046875,274.0
1758390900.2978504,100,12058.73046875,275.0
1758390901.2982981,100,12058.73046875,274.0
1758390902.298736,100,12058.73046875,275.0
1758390903.299078,100,12058.73046875,274.0
1758390904.2995317,100,12058.73046875,274.0
1758390905.2998614,100,12058.73046875,274.0
1758390906.3005574,100,12058.73046875,275.0
1758390907.3009634,100,12058.73046875,275.0
1758390908.3014114,100,12058.73046875,274.0
1758390909.3019176,100,12058.73046875,274.0
1758390910.3022814,100,12058.73046875,274.0
1758390911.3026562,100,12058.73046875,276.0
1758390912.30331,100,12058.73046875,275.0
1758390913.3036993,100,12058.73046875,274.0
1758390914.3044434,100,12058.73046875,274.0
1758390915.305026,100,12058.73046875,273.0
1758390916.3053956,100,12058.73046875,276.0
1758390917.3059762,100,12058.73046875,274.0
1758390918.3063407,100,12058.73046875,274.0
1758390919.307136,100,12058.73046875,274.0
1758390920.307505,100,12058.73046875,273.0
1758390921.307976,100,12058.73046875,276.0
1758390922.3084323,100,12058.73046875,274.0
1758390923.3088486,100,12058.73046875,274.0
1758390924.3092592,100,12058.73046875,275.0
1758390925.309691,100,12058.73046875,273.0
1758390926.310236,100,12058.73046875,276.0
1758390927.3106227,100,12058.73046875,274.0
1758390928.311203,100,12058.73046875,274.0
1758390929.311753,100,12058.73046875,275.0
1758390930.3121877,100,12058.73046875,274.0
1758390931.312726,100,12058.73046875,276.0
1758390932.3131502,100,12058.73046875,274.0
1758390933.3135355,100,12058.73046875,274.0
1758390934.314111,100,12058.73046875,275.0
1758390935.31478,100,12058.73046875,275.0
1758390936.3153267,100,12058.73046875,275.0
1758390937.3156614,100,12058.73046875,274.0
1758390938.3161893,100,12058.73046875,274.0
1758390939.3165302,100,12058.73046875,274.0
1758390940.3169973,100,12058.73046875,276.0
1758390941.3173332,100,12058.73046875,275.0
1758390942.3177087,100,12058.73046875,274.0
1758390943.3180413,100,12058.73046875,274.0
1758390944.3184104,100,12058.73046875,274.0
1758390945.3187516,100,12058.73046875,275.0
1758390946.3193285,100,12058.73046875,275.0
1758390947.3196633,100,12058.73046875,274.0
1758390948.3202615,100,12058.73046875,274.0
1758390949.3206437,100,12058.73046875,273.0
1758390950.3209746,100,12058.73046875,276.0
1758390951.3214977,100,12058.73046875,275.0
1758390952.321899,100,12058.73046875,274.0
1758390953.3224692,100,12058.73046875,274.0
1758390954.3230379,100,12058.73046875,273.0
1758390955.3234296,100,12058.73046875,276.0
1758390956.324193,100,12058.73046875,274.0
1758390957.3248932,100,12058.73046875,274.0
1758390958.325485,100,12058.73046875,275.0
1758390959.325908,100,12058.73046875,274.0
1758390960.326467,100,12058.73046875,276.0
1758390961.3268058,100,12058.73046875,274.0
1758390962.3272133,100,12058.73046875,274.0
1758390963.3278413,100,12058.73046875,274.0
1758390964.3282676,100,12058.73046875,275.0
1758390965.3286815,100,12058.73046875,275.0
1758390966.3291109,100,12058.73046875,274.0
1758390967.3296363,100,12058.73046875,274.0
1758390968.3300045,100,12058.73046875,274.0
1758390969.330624,100,12058.73046875,275.0
1758390970.3313086,100,12058.73046875,275.0
1758390971.3318474,100,12058.73046875,274.0
1758390972.3322186,100,12058.73046875,274.0
1758390973.3325598,100,12058.73046875,274.0
1758390974.333126,100,12058.73046875,276.0
1758390975.333469,100,12058.73046875,275.0
1758390976.333904,100,12058.73046875,274.0
1758390977.3342443,100,12058.73046875,274.0
1758390978.3347807,100,12058.73046875,273.0
1758390979.3352969,100,12058.73046875,276.0
1758390980.3358648,100,12058.73046875,275.0
1758390981.3362174,100,12058.73046875,274.0
1758390982.336847,100,12058.73046875,275.0
1758390983.3373058,100,12058.73046875,273.0
1758390984.337969,100,12058.73046875,276.0
1758390985.338469,100,12058.73046875,274.0
1758390986.33918,100,12058.73046875,274.0
1758390987.3395278,100,12058.73046875,275.0
1758390988.3398988,100,12058.73046875,274.0
1758390989.340393,100,12058.73046875,276.0
1758390990.3409348,100,12058.73046875,274.0
1758390991.3412838,100,12058.73046875,274.0
1758390992.341651,100,12058.73046875,275.0
1758390993.3422554,100,12058.73046875,275.0
1758390994.342811,100,12058.73046875,275.0
1758390995.3431575,100,12058.73046875,274.0
1758390996.3435237,100,12058.73046875,274.0
1758390997.3439326,100,12058.73046875,275.0
1758390998.3444607,100,12058.73046875,275.0
1758390999.3448918,100,12058.73046875,275.0
1758391000.3452597,100,12058.73046875,274.0
1758391001.3456109,100,12058.73046875,274.0
1758391002.345992,100,12058.73046875,274.0
1758391003.346479,100,12058.73046875,275.0
1758391004.3468902,100,12058.73046875,274.0
1758391005.3475597,100,12058.73046875,274.0
1758391006.3479507,100,12058.73046875,274.0
1758391007.3483398,100,12058.73046875,273.0
1758391008.3487086,100,12058.73046875,276.0
1758391009.3491437,100,12058.73046875,275.0
1758391010.3496952,100,12058.73046875,274.0
1758391011.3500762,100,12058.73046875,274.0
1758391012.3507593,100,12058.73046875,273.0
1758391013.3511636,100,12058.73046875,276.0
1758391014.3518133,100,12058.73046875,274.0
1758391015.3522487,100,12058.73046875,274.0
1758391016.3527937,100,12058.73046875,274.0
1758391017.3531516,100,12058.73046875,273.0
1758391018.3535266,100,12058.73046875,276.0
1758391019.3539383,100,12058.73046875,274.0
1758391020.3545258,100,12058.73046875,274.0
1758391021.3548815,100,12058.73046875,275.0
1758391022.3553634,100,12058.73046875,275.0
1758391023.3557227,100,12058.73046875,275.0
1758391024.3561113,100,12058.73046875,274.0
1758391025.3564825,100,12058.73046875,274.0
1758391026.3568175,100,12058.73046875,274.0
1758391027.3571746,100,12058.73046875,275.0
1758391028.3575568,100,12058.73046875,275.0
1758391029.3579147,100,12058.73046875,274.0
1758391030.3582907,100,12058.73046875,274.0
1758391031.3586514,100,12058.73046875,274.0
1758391032.3590171,100,12058.73046875,276.0
1758391033.359631,100,12058.73046875,274.0
1758391034.360249,100,12058.73046875,274.0
1758391035.3606114,100,12058.73046875,275.0
1758391036.361456,100,12058.73046875,273.0
1758391037.3618155,100,12058.73046875,276.0
1758391038.362369,100,12058.73046875,275.0
1758391039.362783,100,12058.73046875,274.0
1758391040.363335,100,12058.73046875,274.0
1758391041.3639283,100,12058.73046875,273.0
1758391042.3642778,100,12058.73046875,276.0
1758391043.3647954,100,12058.73046875,274.0
1758391044.3654861,100,12058.73046875,274.0
1758391045.3659282,100,12058.73046875,275.0
1758391046.3666108,100,12058.73046875,273.0
1758391047.367299,100,12058.73046875,276.0
1758391048.3679357,100,12058.73046875,274.0
1758391049.3683548,100,12058.73046875,274.0
1758391050.3689396,100,12058.73046875,275.0
1758391051.3693247,100,12058.73046875,274.0
1758391052.369775,100,12058.73046875,275.0
1758391053.3704355,100,12058.73046875,274.0
1758391054.3711069,100,12058.73046875,274.0
1758391055.3714905,100,12058.73046875,274.0
1758391056.3721113,100,12058.73046875,275.0
1758391057.3724957,100,12058.73046875,274.0
1758391058.3730562,100,12058.73046875,274.0
1758391059.3737133,100,12058.73046875,274.0
1758391060.374133,100,12058.73046875,274.0
1758391061.3744993,100,12058.73046875,276.0
1758391062.3749373,100,12058.73046875,274.0
1758391063.3756516,100,12058.73046875,274.0
1758391064.3761199,100,12058.73046875,274.0
1758391065.3765125,100,12058.73046875,274.0
1758391066.376937,100,12058.73046875,276.0
1758391067.3773072,100,12058.73046875,274.0
1758391068.3776727,100,12058.73046875,274.0
1758391069.3783207,100,12058.73046875,274.0
1758391070.37871,100,12058.73046875,274.0
1758391071.3792756,100,12058.73046875,276.0
1758391072.379641,100,12058.73046875,274.0
1758391073.3802545,100,12058.73046875,274.0
1758391074.3809235,100,12058.73046875,274.0
1758391075.3813515,100,12058.73046875,273.0
1758391076.3818872,100,12058.73046875,276.0
1758391077.3823283,100,12058.73046875,274.0
1758391078.382748,100,12058.73046875,274.0
1758391079.3830807,100,12058.73046875,275.0
1758391080.383584,100,12058.73046875,274.0
1758391081.384083,100,12058.73046875,275.0
1758391082.3845563,100,12058.73046875,274.0
1758391083.3850727,100,12058.73046875,274.0
1758391084.3854759,100,12058.73046875,274.0
1758391085.386017,100,12058.73046875,275.0
1758391086.3864937,100,12058.73046875,275.0
1758391087.3870027,100,12058.73046875,274.0
1758391088.387882,100,12058.73046875,274.0
1758391089.388261,100,12058.73046875,273.0
1758391090.3886495,100,12058.73046875,276.0
1758391091.388984,100,12058.73046875,274.0
1758391092.3894756,100,12058.73046875,274.0
1758391093.389807,100,12058.73046875,274.0
1758391094.3903704,100,12058.73046875,273.0
1758391095.3908823,100,12058.73046875,276.0
1758391096.3914652,100,12058.73046875,275.0
1758391097.3918495,100,12058.73046875,274.0
1758391098.392236,100,12058.73046875,274.0
1758391099.3925679,100,12058.73046875,273.0
1758391100.3930385,100,12058.73046875,276.0
1758391101.3934531,100,12058.73046875,274.0
1758391102.3939574,100,12058.73046875,274.0
1758391103.3942883,100,12058.73046875,274.0
1758391104.3947296,100,12058.73046875,273.0
1758391105.3951433,100,12058.73046875,276.0
1758391106.3955507,100,12058.73046875,274.0
1758391107.3958852,100,12058.73046875,274.0
1758391108.3964117,100,12058.73046875,275.0
1758391109.3967443,100,12058.73046875,274.0
1758391110.3971157,100,12058.73046875,275.0
1758391111.3977823,100,12058.73046875,274.0
1758391112.3981626,100,12058.73046875,274.0
1758391113.3984926,100,12058.73046875,274.0
1758391114.3989115,100,12058.73046875,275.0
1758391115.3993604,100,12058.73046875,275.0
1758391116.3998368,100,12058.73046875,274.0
1758391117.4001954,100,12058.73046875,274.0
1758391118.4006991,100,12058.73046875,274.0
1758391119.4010305,100,12058.73046875,275.0
1758391120.4016082,100,12058.73046875,274.0
1758391121.402101,100,12058.73046875,274.0
1758391122.4024494,100,12058.73046875,274.0
1758391123.4028275,100,12058.73046875,273.0
1758391124.4032454,100,12058.73046875,276.0
1758391125.403576,100,12058.73046875,275.0
1758391126.403924,100,12058.73046875,274.0
1758391127.4042702,100,12058.73046875,274.0
1758391128.4047358,100,12058.73046875,273.0
1758391129.4051087,100,12058.73046875,276.0
1758391130.4055548,100,12058.73046875,274.0
1758391131.4059818,100,12058.73046875,274.0
1758391132.406376,100,12058.73046875,275.0
1758391133.4067702,100,12058.73046875,273.0
1758391134.4072485,100,12058.73046875,276.0
1758391135.4077709,100,12058.73046875,274.0
1758391136.408156,100,12058.73046875,274.0
1758391137.4087667,100,12058.73046875,275.0
1758391138.409295,100,12058.73046875,274.0
1758391139.4097106,100,12058.73046875,275.0
1758391140.4101279,100,12058.73046875,274.0
1758391141.4105852,100,12058.73046875,274.0
1758391142.410939,100,12058.73046875,275.0
1758391143.411275,100,12058.73046875,274.0
1758391144.411823,100,12058.73046875,275.0
1758391145.4122722,100,12058.73046875,274.0
1758391146.4126966,100,12058.73046875,274.0
1758391147.413029,100,12058.73046875,274.0
1758391148.4133928,100,12058.73046875,275.0
1758391149.414012,100,12058.73046875,275.0
1758391150.4143682,100,12058.73046875,274.0
1758391151.4147003,100,12058.73046875,274.0
1758391152.4154534,100,12058.73046875,273.0
1758391153.4160101,100,12058.73046875,276.0
1758391154.4164124,100,12058.73046875,274.0
1758391155.4170384,100,12058.73046875,274.0
1758391156.4174745,100,12058.73046875,274.0
1758391157.4178355,100,12058.73046875,273.0
1758391158.4183683,100,12058.73046875,276.0
1758391159.419047,100,12058.73046875,274.0
1758391160.4194443,100,12058.73046875,274.0
1758391161.4197752,100,12058.73046875,275.0
1758391162.420341,100,12058.73046875,273.0
1758391163.420723,100,12058.73046875,276.0
1758391164.421286,100,12058.73046875,274.0
1758391165.421714,100,12058.73046875,274.0
1758391166.4220767,100,12058.73046875,275.0
1758391167.4224057,100,12058.73046875,274.0
1758391168.423025,100,12058.73046875,275.0
1758391169.4233575,100,12058.73046875,274.0
1758391170.4237182,100,12058.73046875,274.0
1758391171.4244723,100,12058.73046875,274.0
1758391172.4248416,100,12058.73046875,275.0
1758391173.4251788,100,12058.73046875,275.0
1758391174.425741,100,12058.73046875,274.0
1758391175.4264066,100,12058.73046875,274.0
1758391176.427079,100,12058.73046875,274.0
1758391177.4275866,100,12058.73046875,276.0
1758391178.4282122,100,12058.73046875,274.0
1758391179.4286168,100,12058.73046875,274.0
1758391180.429108,100,12058.73046875,274.0
1758391181.4294393,100,12058.73046875,273.0
1758391182.429806,100,12058.73046875,276.0
1758391183.430358,100,12058.73046875,274.0
1758391184.4307225,100,12058.73046875,274.0
1758391185.4310548,100,12058.73046875,275.0
1758391186.4316878,100,12058.73046875,274.0
1758391187.4320917,100,12058.73046875,276.0
1758391188.4326377,100,12058.73046875,274.0
1758391189.43297,100,12058.73046875,274.0
1758391190.4333537,100,12058.73046875,274.0
1758391191.43404,100,12058.73046875,273.0
1758391192.4347425,100,12058.73046875,276.0
1758391193.435249,100,12058.73046875,274.0
1758391194.4358165,100,12058.73046875,275.0
1758391195.4362373,100,12058.73046875,275.0
1758391196.4367707,100,12058.73046875,274.0
1758391197.437103,100,12058.73046875,275.0
1758391198.437476,100,12058.73046875,274.0
1758391199.4378102,100,12058.73046875,274.0
1758391200.4383428,100,12058.73046875,274.0
1758391201.4388647,100,12058.73046875,275.0
1758391202.4392982,100,12058.73046875,275.0
1758391203.4398954,100,12058.73046875,274.0
1758391204.4405417,100,12058.73046875,274.0
1758391205.4409554,100,12058.73046875,273.0
1758391206.4415088,100,12058.73046875,276.0
1758391207.4418406,100,12058.73046875,274.0
1758391208.4426517,100,12058.73046875,274.0
1758391209.442986,100,12058.73046875,275.0
1758391210.4433174,100,12058.73046875,273.0
1758391211.4438686,100,12058.73046875,276.0
1758391212.4442468,100,12058.73046875,274.0
1758391213.4445796,100,12058.73046875,275.0
1758391214.4451277,100,12058.73046875,274.0
1758391215.4454618,100,12058.73046875,273.0
1758391216.4458256,100,12058.73046875,276.0
1758391217.4461594,100,12058.73046875,274.0
1758391218.446492,100,12058.73046875,274.0
1758391219.4469707,100,12058.73046875,275.0
1758391220.4473448,100,12058.73046875,273.0
1758391221.4478295,100,12058.73046875,276.0
1758391222.4481854,100,12058.73046875,274.0
1758391223.4487429,100,12058.73046875,275.0
1758391224.449107,100,12058.73046875,275.0
1758391225.4494467,100,12058.73046875,274.0
1758391226.4500663,100,12058.73046875,275.0
1758391227.4504576,100,12058.73046875,274.0
1758391228.450916,100,12058.73046875,275.0
1758391229.4515302,100,12058.73046875,275.0
1758391230.452005,100,12058.73046875,274.0
1758391231.4526067,100,12058.73046875,275.0
1758391232.452988,100,12058.73046875,274.0
1758391233.4535193,100,12058.73046875,274.0
1758391234.4541814,100,12058.73046875,274.0
1758391235.454575,100,12058.73046875,275.0
1758391236.454967,100,12058.73046875,275.0
1758391237.4553077,100,12058.73046875,274.0
1758391238.4559793,100,12058.73046875,274.0
1758391239.4564328,100,12058.73046875,273.0
1758391240.4568655,100,12058.73046875,276.0
1758391241.4574986,100,12058.73046875,275.0
1758391242.457842,100,12058.73046875,274.0
1758391243.4583688,100,12058.73046875,274.0
1758391244.4587972,100,12058.73046875,273.0
1758391245.4592164,100,12058.73046875,276.0
1758391246.4597585,100,12058.73046875,274.0
1758391247.4603581,100,12058.73046875,274.0
1758391248.4608507,100,12058.73046875,275.0
1758391249.4612644,100,12058.73046875,273.0
1758391250.461644,100,12058.73046875,276.0
1758391251.4619923,100,12058.73046875,274.0
1758391252.4625387,100,12058.73046875,274.0
1758391253.4631984,100,12058.73046875,275.0
1758391254.4635894,100,12058.73046875,274.0
1758391255.4639354,100,12058.73046875,275.0
1758391256.464764,100,12058.73046875,274.0
1758391257.465121,100,12058.73046875,274.0
1758391258.4655085,100,12058.73046875,275.0
1758391259.465855,100,12058.73046875,275.0
1758391260.4662166,100,12058.73046875,275.0
1758391261.466786,100,12058.73046875,274.0
1758391262.4672017,100,12058.73046875,274.0
1758391263.4675517,100,12058.73046875,274.0
1758391264.4679856,100,12058.73046875,275.0
1758391265.46837,100,12058.73046875,274.0
1758391266.4687767,100,12058.73046875,274.0
1758391267.4693134,100,12058.73046875,274.0
1758391268.4696805,100,12058.73046875,274.0
1758391269.470055,100,12058.73046875,276.0
1758391270.470389,100,12058.73046875,274.0
1758391271.4708042,100,12058.73046875,275.0
1758391272.4714773,100,12058.73046875,274.0
1758391273.4720092,100,12058.73046875,274.0
1758391274.4725716,100,12058.73046875,276.0
1758391275.4729643,100,12058.73046875,274.0
1758391276.4735076,100,12058.73046875,274.0
1758391277.47386,100,12058.73046875,275.0
1758391278.4742525,100,12058.73046875,273.0
1758391279.4747133,100,12058.73046875,276.0
1758391280.4751015,100,12058.73046875,274.0
1758391281.475469,100,12058.73046875,275.0
1758391282.4758024,100,12058.73046875,275.0
1758391283.476174,100,12058.73046875,274.0
1758391284.476793,100,12058.73046875,275.0
1758391285.4771876,100,12058.73046875,274.0
1758391286.4775965,100,12058.73046875,274.0
1758391287.4780447,100,12058.73046875,275.0
1758391288.4787185,100,12058.73046875,275.0
1758391289.4795237,100,12058.73046875,275.0
1758391290.4800155,100,12058.73046875,274.0
1758391291.4804544,100,12058.73046875,274.0
1758391292.4811597,100,12058.73046875,274.0
1758391293.48187,100,12058.73046875,276.0
1758391294.4822266,100,12058.73046875,275.0
1758391295.482611,100,12058.73046875,274.0
1758391296.482974,100,12058.73046875,274.0
1758391297.4833314,100,12058.73046875,273.0
1758391298.4838328,100,12058.73046875,276.0
1758391299.4842057,100,12058.73046875,274.0
1758391300.4845662,100,12058.73046875,274.0
1758391301.4849586,100,12058.73046875,274.0
1758391302.485351,100,12058.73046875,273.0
1758391303.485812,100,12058.73046875,276.0
1758391304.4864814,100,12058.73046875,274.0
1758391305.486999,100,12058.73046875,275.0
1758391306.4874046,100,12058.73046875,275.0
1758391307.487765,100,12058.73046875,273.0
1758391308.4881806,100,12058.73046875,276.0
1758391309.4887168,100,12058.73046875,274.0
1758391310.489061,100,12058.73046875,274.0
1758391311.489422,100,12058.73046875,275.0
1758391312.4898477,100,12058.73046875,275.0
1758391313.4902706,100,12058.73046875,275.0
1758391314.490895,100,12058.73046875,274.0
1758391315.4915066,100,12058.73046875,274.0
1758391316.49206,100,12058.73046875,275.0
1758391317.492467,100,12058.73046875,275.0
1758391318.4931304,100,12058.73046875,275.0
1758391319.493797,100,12058.73046875,274.0
1758391320.4944108,100,12058.73046875,274.0
1758391321.4947894,100,12058.73046875,274.0
1758391322.4953294,100,12058.73046875,276.0
1758391323.4958785,100,12058.73046875,275.0
1758391324.4963021,100,12058.73046875,274.0
1758391325.4967077,100,12058.73046875,274.0
1758391326.4972296,100,12058.73046875,274.0
1758391327.4978104,100,12058.73046875,276.0
1758391328.498774,100,12058.73046875,274.0
1758391329.4992318,100,12058.73046875,274.0
1758391330.499565,100,12058.73046875,274.0
1758391331.5000095,100,12058.73046875,273.0
1758391332.5005476,100,12058.73046875,276.0
1758391333.5010777,100,12058.73046875,274.0
1758391334.5018883,100,12058.73046875,274.0
1758391335.5026119,100,12058.73046875,275.0
1758391336.5032384,100,12058.73046875,273.0
1758391337.5036094,100,12058.73046875,276.0
1758391338.503941,100,12058.73046875,274.0
1758391339.504326,100,12058.73046875,274.0
1758391340.5050156,100,12058.73046875,275.0
1758391341.5053434,100,12058.73046875,274.0
1758391342.5057354,100,12058.73046875,275.0
1758391343.5060673,100,12058.73046875,274.0
1758391344.5064273,100,12058.73046875,274.0
1758391345.506878,100,12058.73046875,274.0
1758391346.5073156,100,12058.73046875,275.0
1758391347.5076528,100,12058.73046875,275.0
1758391348.5083015,100,12058.73046875,274.0
1758391349.5088186,100,12058.73046875,274.0
1758391350.5091515,100,12058.73046875,273.0
1758391351.5095282,100,12058.73046875,276.0
1758391352.5099468,100,12058.73046875,274.0
1758391353.51028,100,12058.73046875,274.0
1758391354.510658,100,12058.73046875,274.0
1758391355.5111308,100,12058.73046875,273.0
1758391356.5114913,100,12058.73046875,276.0
1758391357.5120666,100,12058.73046875,274.0
1758391358.5124078,100,12058.73046875,274.0
1758391359.512819,100,12058.73046875,274.0
1758391360.5131824,100,12058.73046875,273.0
1758391361.5136628,100,12058.73046875,277.0
1758391362.514327,100,12058.73046875,274.0
1758391363.5146594,100,12058.73046875,274.0
1758391364.5150452,100,12058.73046875,275.0
1758391365.5156627,100,12058.73046875,274.0
1758391366.5160284,100,12058.73046875,276.0
1758391367.5164554,100,12058.73046875,274.0
1758391368.516814,100,12058.73046875,274.0
1758391369.5171447,100,12058.73046875,275.0
1758391370.517709,100,12058.73046875,275.0
1758391371.5180402,100,12058.73046875,275.0
1758391372.518548,100,12058.73046875,274.0
1758391373.518975,100,12058.73046875,274.0
1758391374.5194066,100,12058.73046875,275.0
1758391375.5198214,100,12058.73046875,275.0
1758391376.5202627,100,12058.73046875,275.0
1758391377.5209696,100,12058.73046875,274.0
1758391378.5213342,100,12058.73046875,275.0
1758391379.5216856,100,12058.73046875,274.0
1758391380.5220945,100,12058.73046875,276.0
1758391381.5224473,100,12058.73046875,275.0
1758391382.523093,100,12058.73046875,274.0
1758391383.5234282,100,12058.73046875,274.0
1758391384.5237873,100,12058.73046875,273.0
1758391385.5242233,100,12058.73046875,276.0
1758391386.5249333,100,12058.73046875,275.0
1758391387.525272,100,12058.73046875,274.0
1758391388.5259464,100,12058.73046875,274.0
1758391389.5265744,100,12058.73046875,273.0
1758391390.526976,100,12058.73046875,276.0
1758391391.527307,100,12058.73046875,274.0
1758391392.5276692,100,12058.73046875,274.0
1758391393.5281816,100,12058.73046875,275.0
1758391394.528599,100,12058.73046875,273.0
1758391395.5290217,100,12058.73046875,276.0
1758391396.5296688,100,12058.73046875,274.0
1758391397.5302439,100,12058.73046875,274.0
1758391398.5308373,100,12058.73046875,275.0
1758391399.5311692,100,12058.73046875,275.0
1758391400.5317445,100,12058.73046875,275.0
1758391401.5322042,100,12058.73046875,274.0
1758391402.5325649,100,12058.73046875,274.0
1758391403.532898,100,12058.73046875,274.0
1758391404.5332582,100,12058.73046875,275.0
1758391405.5341985,100,12058.73046875,275.0
1758391406.5345488,100,12058.73046875,274.0
1758391407.535056,100,12058.73046875,274.0
1758391408.535416,100,12058.73046875,274.0
1758391409.535899,100,12058.73046875,276.0
1758391410.5363219,100,12058.73046875,275.0
1758391411.5366912,100,12058.73046875,274.0
1758391412.5370512,100,12058.73046875,274.0
1758391413.5376072,100,12058.73046875,274.0
1758391414.5381532,100,12058.73046875,276.0
1758391415.538709,100,12058.73046875,274.0
1758391416.5391188,100,12058.73046875,274.0
1758391417.5397778,100,12058.73046875,275.0
1758391418.540156,100,12058.73046875,273.0
1758391419.5406263,100,12058.73046875,276.0
1758391420.5409856,100,12058.73046875,274.0
1758391421.5413277,100,12058.73046875,274.0
1758391422.5417423,100,12058.73046875,274.0
1758391423.5420861,100,12058.73046875,273.0
1758391424.5424986,100,12058.73046875,276.0
1758391425.542828,100,12058.73046875,274.0
1758391426.5431862,100,12058.73046875,274.0
1758391427.5435221,100,12058.73046875,275.0
1758391428.5438797,100,12058.73046875,274.0
1758391429.544332,100,12058.73046875,275.0
1758391430.5448918,100,12058.73046875,274.0
1758391431.5454955,100,12058.73046875,274.0
1758391432.545857,100,12058.73046875,274.0
1758391433.546277,100,12058.73046875,275.0
1758391434.5468652,100,12058.73046875,275.0
1758391435.5475035,100,12058.73046875,274.0
1758391436.547929,100,12058.73046875,274.0
1758391437.5483453,100,12058.73046875,274.0
1758391438.5487502,100,12058.73046875,275.0
1758391439.549083,100,12058.73046875,274.0
1758391440.549503,100,12058.73046875,274.0
1758391441.5500517,100,12058.73046875,275.0
1758391442.5504396,100,12058.73046875,274.0
1758391443.5509233,100,12058.73046875,275.0
1758391444.5515556,100,12058.73046875,274.0
1758391445.5520914,100,12058.73046875,274.0
1758391446.5524943,100,12058.73046875,274.0
1758391447.553173,100,12058.73046875,273.0
1758391448.5535371,100,12058.73046875,276.0
1758391449.5540316,100,12058.73046875,275.0
1758391450.5543957,100,12058.73046875,274.0
1758391451.5547547,100,12058.73046875,275.0
1758391452.5551264,100,12058.73046875,273.0
1758391453.5554593,100,12058.73046875,276.0
1758391454.5558255,100,12058.73046875,274.0
1758391455.5562837,100,12058.73046875,274.0
1758391456.5569704,100,12058.73046875,275.0
1758391457.557382,100,12058.73046875,274.0
1758391458.5577493,100,12058.73046875,275.0
1758391459.5584252,100,12058.73046875,274.0
1758391460.5590155,100,12058.73046875,274.0
1758391461.5593476,100,12058.73046875,275.0
1758391462.5597165,100,12058.73046875,275.0
1758391463.5602796,100,12058.73046875,275.0
1758391464.560869,100,12058.73046875,274.0
1758391465.5612533,100,12058.73046875,274.0
1758391466.5616908,100,12058.73046875,274.0
1758391467.5620985,100,12058.73046875,275.0
1758391468.5626352,100,12058.73046875,274.0
1758391469.56297,100,12058.73046875,274.0
1758391470.5633404,100,12058.73046875,275.0
1758391471.5638192,100,12058.73046875,274.0
1758391472.5642433,100,12058.73046875,275.0
1758391473.5646498,100,12058.73046875,275.0
1758391474.5651002,100,12058.73046875,275.0
1758391475.5654333,100,12058.73046875,274.0
1758391476.5659308,100,12058.73046875,274.0
1758391477.566313,100,12058.73046875,276.0
1758391478.566764,100,12058.73046875,274.0
1758391479.567113,100,12058.73046875,275.0
1758391480.5675972,100,12058.73046875,274.0
1758391481.5680757,100,12058.73046875,273.0
1758391482.5684478,100,12058.73046875,276.0
1758391483.5687811,100,12058.73046875,274.0
1758391484.5694218,100,12058.73046875,274.0
1758391485.5698214,100,12058.73046875,275.0
1758391486.570292,100,12058.73046875,274.0
1758391487.570948,100,12058.73046875,275.0
1758391488.5716524,100,12058.73046875,274.0
1758391489.57225,100,12058.73046875,274.0
1758391490.5726082,100,12058.73046875,274.0
1758391491.573141,100,12058.73046875,274.0
1758391492.5738056,100,12058.73046875,275.0
1758391493.574434,100,12058.73046875,274.0
1758391494.5750093,100,12058.73046875,274.0
1758391495.5754602,100,12058.73046875,273.0
1758391496.5758314,100,12058.73046875,276.0
1758391497.5761867,100,12058.73046875,275.0
1758391498.576685,100,12058.73046875,274.0
1758391499.5772266,100,12058.73046875,274.0
1758391500.5776606,100,12058.73046875,274.0
1758391501.5779994,100,12058.73046875,276.0
1758391502.5783403,100,12058.73046875,274.0
1758391503.578681,100,12058.73046875,274.0
1758391504.5791101,100,12058.73046875,274.0
1758391505.5795496,100,12058.73046875,274.0
1758391506.5801294,100,12058.73046875,276.0
1758391507.5804715,100,12058.73046875,274.0
1758391508.5810695,100,12058.73046875,274.0
1758391509.5816145,100,12058.73046875,274.0
1758391510.582393,100,12058.73046875,273.0
1758391511.5828323,100,12058.73046875,276.0
1758391512.583256,100,12058.73046875,274.0
1758391513.5838041,100,12058.73046875,274.0
1758391514.5841813,100,12058.73046875,275.0
1758391515.5845263,100,12058.73046875,274.0
1758391516.5850327,100,12058.73046875,275.0
1758391517.5853784,100,12058.73046875,274.0
1758391518.585894,100,12058.73046875,274.0
1758391519.58624,100,12058.73046875,275.0
1758391520.5866823,100,12058.73046875,274.0
1758391521.5871744,100,12058.73046875,275.0
1758391522.5877256,100,12058.73046875,273.0
1758391523.5885005,100,12058.73046875,274.0
1758391524.5888555,100,12058.73046875,274.0
1758391525.5892155,100,12058.73046875,275.0
1758391526.5897806,100,12058.73046875,275.0
1758391527.5903366,100,12058.73046875,274.0
1758391528.5907319,100,12058.73046875,274.0
1758391529.5911386,100,12058.73046875,273.0
1758391530.591546,100,12058.73046875,276.0
1758391531.5921462,100,12058.73046875,274.0
1758391532.5925615,100,12058.73046875,274.0
1758391533.5929096,100,12058.73046875,275.0
1758391534.5932562,100,12058.73046875,273.0
1758391535.5938292,100,12058.73046875,276.0
1758391536.594479,100,12058.73046875,275.0
1758391537.5948908,100,12058.73046875,274.0
1758391538.5953555,100,12058.73046875,275.0
1758391539.5958314,100,12058.73046875,273.0
1758391540.5962038,100,12058.73046875,276.0
1758391541.5966792,100,12058.73046875,274.0
1758391542.5974815,100,12058.73046875,274.0
1758391543.5978696,100,12058.73046875,274.0
1758391544.5982378,100,12058.73046875,273.0
1758391545.5986474,100,12058.73046875,276.0
1758391546.5990481,100,12058.73046875,274.0
1758391547.5994062,100,12058.73046875,274.0
1758391548.5997615,100,12058.73046875,275.0
1758391549.6001563,100,12058.73046875,274.0
1758391550.600783,100,12058.73046875,275.0
1758391551.6013355,100,12058.73046875,274.0
1758391552.6018867,100,12058.73046875,274.0
1758391553.6023002,100,12058.73046875,274.0
1758391554.6028342,100,12058.73046875,275.0
1758391555.6033943,100,12058.73046875,275.0
1758391556.6039472,100,12058.73046875,274.0
1758391557.6043172,100,12058.73046875,275.0
1758391558.604649,100,12058.73046875,273.0
1758391559.6051686,100,12058.73046875,276.0
1758391560.6055229,100,12058.73046875,275.0
1758391561.6059067,100,12058.73046875,274.0
1758391562.6062841,100,12058.73046875,274.0
1758391563.6069012,100,12058.73046875,272.0
1758391564.607454,100,12058.73046875,276.0
1758391565.6079597,100,12058.73046875,275.0
1758391566.6083016,100,12058.73046875,274.0
1758391567.6086907,100,12058.73046875,274.0
1758391568.6092968,100,12058.73046875,273.0
1758391569.6096544,100,12058.73046875,276.0
1758391570.6102169,100,12058.73046875,274.0
1758391571.610652,100,12058.73046875,274.0
1758391572.6110535,100,12058.73046875,275.0
1758391573.611577,100,12058.73046875,273.0
1758391574.6120782,100,12058.73046875,276.0
1758391575.613066,100,12058.73046875,274.0
1758391576.6134653,100,12058.73046875,274.0
1758391577.6141036,100,12058.73046875,275.0
1758391578.6144462,100,12058.73046875,274.0
1758391579.6148627,100,12058.73046875,275.0
1758391580.6154463,100,12058.73046875,274.0
1758391581.6159658,100,12058.73046875,274.0
1758391582.6163163,100,12058.73046875,274.0
1758391583.616961,100,12058.73046875,275.0
1758391584.6174006,100,12058.73046875,275.0
1758391585.6180577,100,12058.73046875,274.0
1758391586.61861,100,12058.73046875,275.0
1758391587.6189783,100,12058.73046875,274.0
1758391588.6193311,100,12058.73046875,275.0
1758391589.6197429,100,12058.73046875,274.0
1758391590.620422,100,12058.73046875,274.0
1758391591.6210475,100,12058.73046875,274.0
1758391592.6216266,100,12058.73046875,273.0
1758391593.6219976,100,12058.73046875,276.0
1758391594.622353,100,12058.73046875,275.0
1758391595.6229064,100,12058.73046875,274.0
1758391596.6232624,100,12058.73046875,274.0
1758391597.6238186,100,12058.73046875,273.0
1758391598.6241884,100,12058.73046875,276.0
1758391599.6246786,100,12058.73046875,274.0
1758391600.6250994,100,12058.73046875,274.0
1758391601.6256673,100,12058.73046875,275.0
1758391602.6260054,100,12058.73046875,273.0
1758391603.6264524,100,12058.73046875,276.0
1758391604.6268055,100,12058.73046875,274.0
1758391605.6275325,100,12058.73046875,274.0
1758391606.6278641,100,12058.73046875,275.0
1758391607.628303,100,12058.73046875,275.0
1758391608.628725,100,12058.73046875,275.0
1758391609.6294239,100,12058.73046875,274.0
1758391610.629823,100,12058.73046875,274.0
1758391611.6302838,100,12058.73046875,274.0
1758391612.630678,100,12058.73046875,275.0
1758391613.6310117,100,12058.73046875,275.0
1758391614.6313598,100,12058.73046875,274.0
1758391615.631707,100,12058.73046875,274.0
1758391616.6321542,100,12058.73046875,274.0
1758391617.6325548,100,12058.73046875,276.0
1758391618.6329882,100,12058.73046875,274.0
1758391619.6335382,100,12058.73046875,274.0
1758391620.6340861,100,12058.73046875,274.0
1758391621.6344705,100,12058.73046875,273.0
1758391622.6348078,100,12058.73046875,276.0
1758391623.6352236,100,12058.73046875,275.0
1758391624.635581,100,12058.73046875,274.0
1758391625.6360102,100,12058.73046875,274.0
1758391626.6368968,100,12058.73046875,273.0
1758391627.6373985,100,12058.73046875,276.0
1758391628.637784,100,12058.73046875,274.0
1758391629.6383045,100,12058.73046875,274.0
1758391630.6386428,100,12058.73046875,274.0
1758391631.6389747,100,12058.73046875,273.0
1758391632.6395257,100,12058.73046875,276.0
1758391633.6400104,100,12058.73046875,274.0
1758391634.6403642,100,12058.73046875,274.0
1758391635.6407902,100,12058.73046875,275.0
1758391636.641219,100,12058.73046875,274.0
1758391637.6415603,100,12058.73046875,275.0
1758391638.641901,100,12058.73046875,274.0
1758391639.6422887,100,12058.73046875,274.0
1758391640.642752,100,12058.73046875,274.0
1758391641.6433449,100,12058.73046875,275.0
1758391642.643711,100,12058.73046875,275.0
1758391643.6440604,100,12058.73046875,274.0
1758391644.644444,100,12058.73046875,274.0
1758391645.6450644,100,12058.73046875,273.0
1758391646.6456683,100,12058.73046875,276.0
1758391647.6461515,100,12058.73046875,275.0
1758391648.64651,100,12058.73046875,274.0
1758391649.646947,100,12058.73046875,274.0
1758391650.6472929,100,12058.73046875,273.0
1758391651.6479084,100,12058.73046875,276.0
1758391652.64828,100,12058.73046875,275.0
1758391653.6486125,100,12058.73046875,274.0
1758391654.649357,100,12058.73046875,274.0
1758391655.649691,100,12058.73046875,273.0
1758391656.6501255,100,12058.73046875,276.0
1758391657.6505406,100,12058.73046875,274.0
1758391658.6508949,100,12058.73046875,274.0
1758391659.6515281,100,12058.73046875,275.0
1758391660.6519332,100,12058.73046875,273.0
1758391661.652488,100,12058.73046875,276.0
1758391662.6528394,100,12058.73046875,274.0
1758391663.6532032,100,12058.73046875,275.0
1758391664.6536167,100,12058.73046875,275.0
1758391665.6539502,100,12058.73046875,274.0
1758391666.6544905,100,12058.73046875,276.0
1758391667.6548746,100,12058.73046875,274.0
1758391668.655276,100,12058.73046875,274.0
1758391669.6557543,100,12058.73046875,275.0
1758391670.6561666,100,12058.73046875,275.0
1758391671.6568437,100,12058.73046875,275.0
1758391672.6573744,100,12058.73046875,274.0
1758391673.6577058,100,12058.73046875,274.0
1758391674.6582263,100,12058.73046875,274.0
1758391675.6590292,100,12058.73046875,275.0
1758391676.6596086,100,12058.73046875,275.0
1758391677.659977,100,12058.73046875,274.0
1758391678.660389,100,12058.73046875,274.0
1758391679.6609774,100,12058.73046875,273.0
1758391680.6614847,100,12058.73046875,276.0
1758391681.6618223,100,12058.73046875,274.0
1758391682.6622374,100,12058.73046875,274.0
1758391683.6627839,100,12058.73046875,274.0
1758391684.663289,100,12058.73046875,273.0
1758391685.66362,100,12058.73046875,277.0
1758391686.663974,100,12058.73046875,275.0
1758391687.664327,100,12058.73046875,274.0
1758391688.6650488,100,12058.73046875,274.0
1758391689.6654184,100,12058.73046875,273.0
1758391690.6658654,100,12058.73046875,276.0
1758391691.6663134,100,12058.73046875,274.0
1758391692.6666863,100,12058.73046875,274.0
1758391693.667023,100,12058.73046875,275.0
1758391694.6675582,100,12058.73046875,273.0
1758391695.6679678,100,12058.73046875,276.0
1758391696.6686306,100,12058.73046875,274.0
1758391697.6691973,100,12058.73046875,274.0
1758391698.6696303,100,12058.73046875,274.0
1758391699.6701636,100,12058.73046875,274.0
1758391700.6708152,100,12058.73046875,275.0
1758391701.6712627,100,12058.73046875,274.0
1758391702.6716557,100,12058.73046875,275.0
1758391703.672111,100,12058.73046875,273.0
1758391704.6727138,100,12058.73046875,276.0
1758391705.6730783,100,12058.73046875,275.0
1758391706.67355,100,12058.73046875,274.0
1758391707.6738913,100,12058.73046875,274.0
1758391708.674956,100,12058.73046875,273.0
1758391709.6753142,100,12058.73046875,276.0
1758391710.675696,100,12058.73046875,275.0
1758391711.6768732,100,12058.73046875,274.0
1758391712.677436,100,12058.73046875,275.0
1758391713.6780198,100,12058.73046875,273.0
1758391714.6783834,100,12058.73046875,276.0
1758391715.6787152,100,12058.73046875,275.0
1758391716.679223,100,12058.73046875,274.0
1758391717.6795614,100,12058.73046875,275.0
1758391718.6802888,100,12058.73046875,273.0
1758391719.6806195,100,12058.73046875,276.0
1758391720.6813834,100,12058.73046875,275.0
1758391721.6818311,100,12058.73046875,274.0
1758391722.682198,100,12058.73046875,275.0
1758391723.6825426,100,12058.73046875,273.0
1758391724.6829565,100,12058.73046875,276.0
1758391725.6835153,100,12058.73046875,274.0
1758391726.683946,100,12058.73046875,274.0
1758391727.6842916,100,12058.73046875,275.0
1758391728.6846569,100,12058.73046875,274.0
1758391729.6850655,100,12058.73046875,275.0
1758391730.6854415,100,12058.73046875,274.0
1758391731.6858008,100,12058.73046875,274.0
1758391732.6863334,100,12058.73046875,274.0
1758391733.6870065,100,12058.73046875,275.0
1758391734.687676,100,12058.73046875,275.0
1758391735.688493,100,12058.73046875,273.0
1758391736.6889095,100,12058.73046875,274.0
1758391737.6893015,100,12058.73046875,274.0
1758391738.6896706,100,12058.73046875,276.0
1758391739.6900022,100,12058.73046875,274.0
1758391740.6906888,100,12058.73046875,274.0
1758391741.6912928,100,12058.73046875,274.0
1758391742.6916263,100,12058.73046875,273.0
1758391743.6921172,100,12058.73046875,276.0
1758391744.6924672,100,12058.73046875,275.0
